"","life","tv"
"1","Don't know",4
"2","Exciting",3
"3","Routine",4
"4","Exciting",1
"5","Exciting",1
"6","Exciting",12
"7","Exciting",2
"8","Routine",2
"9","Routine",2
"10","Exciting",0
"11","Exciting",2
"12","Exciting",2
"13","Routine",1
"14","Don't know",4
"15","Exciting",2
"16","Exciting",2
"17","Routine",3
"18","Dull",20
"19","Routine",3
"20","Exciting",0
"21","Exciting",1
"22","Exciting",2
"23","Routine",6
"24","Exciting",1
"25","Exciting",2
"26","Routine",3
"27","Exciting",1
"28","Exciting",1
"29","Exciting",3
"30","Routine",5
"31","Routine",1
"32","Routine",0
"33","Routine",4
"34","Exciting",7
"35","Routine",2
"36","Exciting",5
"37","Exciting",1
"38","Exciting",1
"39","Exciting",5
"40","Exciting",1
"41","Exciting",5
"42","Routine",1
"43","Routine",3
"44","Routine",8
"45","Routine",4
"46","Exciting",4
"47","Routine",2
"48","Routine",1
"49","Exciting",8
"50","Exciting",3
"51","Routine",4
"52","Routine",2
"53","Routine",1
"54","Exciting",2
"55","Routine",2
"56","Routine",2
"57","Exciting",1
"58","Exciting",2
"59","Exciting",2
"60","Routine",3
"61","Exciting",2
"62","Routine",1
"63","Routine",2
"64","Dull",8
"65","Exciting",2
"66","Routine",2
"67","Routine",2
"68","Exciting",5
"69","Exciting",1
"70","Exciting",1
"71","Routine",2
"72","Exciting",1
"73","Routine",12
"74","Exciting",10
"75","Exciting",4
"76","Exciting",11
"77","Exciting",2
"78","Routine",3
"79","Routine",1
"80","Routine",3
"81","Exciting",8
"82","Exciting",6
"83","Routine",3
"84","Routine",3
"85","Exciting",3
"86","Dull",0
"87","Exciting",1
"88","Exciting",3
"89","Routine",8
"90","Exciting",0
"91","Exciting",2
"92","Routine",1
"93","Routine",2
"94","Routine",3
"95","Routine",1
"96","Exciting",0
"97","Routine",1
"98","Don't know",3
"99","Routine",2
"100","Routine",12
"101","Routine",1
"102","Routine",2
"103","Routine",1
"104","Exciting",1
"105","Routine",2
"106","Routine",3
"107","Exciting",4
"108","Routine",1
"109","Exciting",1
"110","Exciting",1
"111","Routine",2
"112","Routine",12
"113","Routine",2
"114","Exciting",5
"115","Routine",4
"116","Exciting",2
"117","Routine",2
"118","Exciting",3
"119","Exciting",1
"120","Exciting",0
"121","Exciting",0
"122","Exciting",2
"123","Exciting",1
"124","Exciting",1
"125","Routine",3
"126","Routine",4
"127","Exciting",4
"128","Routine",1
"129","Routine",2
"130","Routine",8
"131","Routine",1
"132","Routine",5
"133","Dull",1
"134","Dull",1
"135","Dull",3
"136","Routine",2
"137","Exciting",2
"138","Exciting",7
"139","Dull",6
"140","Exciting",1
"141","Exciting",1
"142","Exciting",1
"143","Routine",2
"144","Exciting",2
"145","Exciting",1
"146","Exciting",2
"147","Exciting",1
"148","Routine",0
"149","Routine",4
"150","Routine",3
"151","Routine",1
"152","Exciting",0
"153","Routine",1
"154","Exciting",5
"155","Routine",3
"156","Routine",4
"157","Exciting",2
"158","Routine",4
"159","Exciting",2
"160","Exciting",2
"161","Routine",5
"162","Routine",1
"163","Exciting",3
"164","Routine",2
"165","Routine",8
"166","Routine",2
"167","Routine",1
"168","Routine",1
"169","Routine",3
"170","Exciting",3
"171","Exciting",0
"172","Routine",3
"173","Exciting",1
"174","Exciting",5
"175","Exciting",1
"176","Routine",7
"177","Exciting",3
"178","Exciting",3
"179","Exciting",3
"180","Exciting",2
"181","Routine",2
"182","Exciting",1
"183","Exciting",2
"184","Routine",1
"185","Routine",4
"186","Exciting",2
"187","Exciting",1
"188","Exciting",2
"189","Exciting",2
"190","Routine",3
"191","Exciting",0
"192","Dull",3
"193","Exciting",2
"194","Exciting",1
"195","Exciting",3
"196","Exciting",1
"197","Routine",5
"198","Routine",15
"199","Routine",3
"200","Routine",4
"201","Exciting",1
"202","Routine",4
"203","Routine",4
"204","Exciting",3
"205","Routine",3
"206","Routine",1
"207","Routine",1
"208","Routine",5
"209","Routine",6
"210","Routine",2
"211","Routine",1
"212","Routine",3
"213","Exciting",3
"214","Routine",2
"215","Exciting",2
"216","Exciting",1
"217","Exciting",1
"218","Exciting",5
"219","Routine",0
"220","Routine",1
"221","Exciting",0
"222","Routine",7
"223","Dull",5
"224","Routine",3
"225","Exciting",4
"226","Exciting",0
"227","Routine",3
"228","Exciting",1
"229","Exciting",1
"230","Exciting",3
"231","Exciting",1
"232","Exciting",1
"233","Exciting",2
"234","Exciting",2
"235","Routine",2
"236","Routine",4
"237","Exciting",1
"238","Exciting",1
"239","Routine",2
"240","Dull",1
"241","Exciting",2
"242","Exciting",2
"243","Exciting",2
"244","Dull",8
"245","Routine",5
"246","Dull",10
"247","Exciting",1
"248","Exciting",1
"249","Exciting",2
"250","Routine",7
"251","Routine",12
"252","Exciting",1
"253","Routine",6
"254","Exciting",3
"255","Routine",1
"256","Exciting",2
"257","Exciting",2
"258","Exciting",4
"259","Routine",4
"260","Exciting",1
"261","Exciting",1
"262","Routine",3
"263","Exciting",3
"264","Routine",3
"265","Routine",2
"266","Exciting",0
"267","Routine",1
"268","Routine",4
"269","Routine",2
"270","Exciting",1
"271","Routine",2
"272","Exciting",1
"273","Routine",3
"274","Exciting",1
"275","Routine",0
"276","Routine",3
"277","Exciting",3
"278","Exciting",1
"279","Exciting",4
"280","Routine",4
"281","Exciting",0
"282","Exciting",2
"283","Exciting",4
"284","Exciting",0
"285","Routine",3
"286","Routine",1
"287","Exciting",2
"288","Routine",3
"289","Routine",2
"290","Routine",5
"291","Routine",2
"292","Routine",2
"293","Exciting",3
"294","Exciting",1
"295","Routine",4
"296","Routine",5
"297","Routine",0
"298","Exciting",4
"299","Routine",1
"300","Routine",2
"301","Exciting",3
"302","Dull",0
"303","Routine",0
"304","Exciting",4
"305","Exciting",3
"306","Exciting",0
"307","Exciting",4
"308","Routine",5
"309","Routine",2
"310","Exciting",0
"311","Exciting",1
"312","Routine",1
"313","Exciting",0
"314","Exciting",2
"315","Routine",1
"316","Exciting",0
"317","Exciting",3
"318","Exciting",2
"319","Dull",15
"320","Routine",1
"321","Exciting",2
"322","Exciting",2
"323","Exciting",0
"324","Routine",2
"325","Exciting",1
"326","Exciting",5
"327","Routine",1
"328","Routine",2
"329","Exciting",2
"330","Exciting",1
"331","Routine",4
"332","Routine",3
"333","Exciting",2
"334","Exciting",2
"335","Exciting",2
"336","Exciting",2
"337","Exciting",3
"338","Routine",1
"339","Routine",1
"340","Exciting",2
"341","Exciting",0
"342","Routine",4
"343","Exciting",2
"344","Exciting",3
"345","Exciting",6
"346","Exciting",5
"347","Routine",5
"348","Exciting",1
"349","Exciting",2
"350","Exciting",14
"351","Exciting",0
"352","Exciting",1
"353","Routine",4
"354","Routine",10
"355","Exciting",2
"356","Exciting",1
"357","Routine",4
"358","Routine",5
"359","Exciting",1
"360","Exciting",2
"361","Routine",2
"362","Exciting",1
"363","Routine",2
"364","Exciting",4
"365","Exciting",4
"366","Exciting",1
"367","Exciting",4
"368","Routine",4
"369","Exciting",2
"370","Exciting",2
"371","Routine",2
"372","Routine",5
"373","Exciting",4
"374","Exciting",2
"375","Exciting",2
"376","Routine",2
"377","Routine",2
"378","Routine",1
"379","Routine",2
"380","Exciting",0
"381","Routine",2
"382","Exciting",3
"383","Routine",1
"384","Exciting",20
"385","Exciting",8
"386","Routine",4
"387","Routine",2
"388","Exciting",2
"389","Dull",4
"390","Routine",3
"391","Exciting",1
"392","Routine",2
"393","Exciting",0
"394","Dull",2
"395","Exciting",8
"396","Exciting",1
"397","Exciting",1
"398","Exciting",2
"399","Routine",2
"400","Dull",0
"401","Routine",2
"402","Exciting",20
"403","Routine",1
"404","Routine",1
"405","Routine",3
"406","Exciting",2
"407","Exciting",2
"408","Routine",1
"409","Exciting",8
"410","Exciting",10
"411","Exciting",0
"412","Exciting",3
"413","Routine",2
"414","Routine",1
"415","Dull",1
"416","Routine",1
"417","Routine",5
"418","Routine",8
"419","Routine",5
"420","Routine",2
"421","Routine",8
"422","Exciting",1
"423","Exciting",2
"424","Exciting",1
"425","Exciting",3
"426","Exciting",1
"427","Routine",4
"428","Dull",9
"429","Dull",4
"430","Exciting",2
"431","Routine",3
"432","Routine",2
"433","Routine",2
"434","Exciting",4
"435","Routine",1
"436","Routine",1
"437","Routine",2
"438","Routine",12
"439","Dull",1
"440","Routine",3
"441","Exciting",1
"442","Routine",1
"443","Exciting",1
"444","Exciting",2
"445","Exciting",1
"446","Routine",1
"447","Exciting",0
"448","Exciting",6
"449","Exciting",1
"450","Exciting",2
"451","Exciting",2
"452","Routine",6
"453","Exciting",1
"454","Exciting",1
"455","Exciting",2
"456","Routine",1
"457","Dull",1
"458","Dull",1
"459","Exciting",2
"460","Routine",4
"461","Exciting",1
"462","Exciting",2
"463","Exciting",1
"464","Exciting",6
"465","Exciting",4
"466","Exciting",3
"467","Exciting",2
"468","Exciting",6
"469","Exciting",3
"470","Exciting",6
"471","Exciting",2
"472","Exciting",1
"473","Don't know",1
"474","Exciting",2
"475","Exciting",1
"476","Routine",1
"477","Exciting",3
"478","Exciting",3
"479","Exciting",2
"480","Dull",9
"481","Exciting",3
"482","Routine",2
"483","Routine",2
"484","Dull",0
"485","Exciting",2
"486","Exciting",1
"487","Exciting",1
"488","Exciting",3
"489","Exciting",4
"490","Routine",2
"491","Exciting",1
"492","Exciting",2
"493","Dull",10
"494","Routine",2
"495","Routine",5
"496","Routine",2
"497","Routine",2
"498","Routine",3
"499","Routine",1
"500","Routine",4
"501","Routine",3
"502","Routine",1
"503","Exciting",1
"504","Dull",1
"505","Exciting",2
"506","Routine",3
"507","Dull",2
"508","Exciting",2
"509","Routine",5
"510","Exciting",2
"511","Exciting",1
"512","Exciting",1
"513","Exciting",3
"514","Routine",1
"515","Exciting",0
"516","Exciting",1
"517","Exciting",3
"518","Routine",3
"519","Routine",2
"520","Routine",4
"521","Routine",2
"522","Routine",4
"523","Routine",1
"524","Exciting",4
"525","Routine",2
"526","Exciting",3
"527","Exciting",2
"528","Exciting",1
"529","Exciting",3
"530","Exciting",2
"531","Exciting",4
"532","Routine",4
"533","Exciting",0
"534","Exciting",4
"535","Exciting",1
"536","Exciting",2
"537","Exciting",2
"538","Exciting",1
"539","Don't know",5
"540","Exciting",3
"541","Exciting",4
"542","Exciting",3
"543","Exciting",1
"544","Routine",2
"545","Exciting",4
"546","Exciting",2
"547","Routine",4
"548","Exciting",2
"549","Exciting",0
"550","Exciting",1
"551","Dull",4
"552","Routine",3
"553","Exciting",2
"554","Exciting",2
"555","Exciting",1
"556","Exciting",4
"557","Exciting",2
"558","Routine",2
"559","Exciting",1
"560","Routine",2
"561","Routine",2
"562","Routine",2
"563","Exciting",2
"564","Routine",8
"565","Exciting",2
"566","Exciting",1
"567","Routine",1
"568","Exciting",1
"569","Dull",5
"570","Routine",4
"571","Exciting",2
"572","Routine",2
"573","Exciting",0
"574","Exciting",3
"575","Exciting",1
"576","Exciting",2
"577","Routine",1
"578","Routine",5
"579","Exciting",1
"580","Exciting",1
"581","Exciting",2
"582","Exciting",1
"583","Routine",1
"584","Routine",1
"585","Exciting",1
"586","Exciting",6
"587","Exciting",4
"588","Routine",1
"589","Exciting",1
"590","Routine",0
"591","Routine",3
"592","Routine",2
"593","Exciting",4
"594","Exciting",2
"595","Dull",8
"596","Routine",6
"597","Exciting",1
"598","Routine",1
"599","Routine",3
"600","Routine",1
"601","Exciting",0
"602","Exciting",2
"603","Routine",2
"604","Routine",2
"605","Exciting",2
"606","Exciting",6
"607","Routine",4
"608","Exciting",2
"609","Routine",2
"610","Exciting",1
"611","Exciting",2
"612","Routine",2
"613","Exciting",3
"614","Routine",1
"615","Exciting",3
"616","Routine",4
"617","Routine",6
"618","Routine",4
"619","Routine",4
"620","Exciting",4
"621","Exciting",3
"622","Dull",1
"623","Routine",5
"624","Exciting",4
"625","Routine",1
"626","Exciting",3
"627","Routine",3
"628","Exciting",2
"629","Exciting",3
"630","Routine",5
"631","Routine",2
"632","Exciting",5
"633","Exciting",1
"634","Exciting",4
"635","Routine",3
"636","Routine",1
"637","Routine",6
"638","Exciting",5
"639","Exciting",1
"640","Exciting",1
"641","Routine",2
"642","Routine",7
"643","Exciting",1
"644","Routine",4
"645","Exciting",5
"646","Exciting",3
"647","Exciting",2
"648","Routine",2
"649","Exciting",0
"650","Routine",1
"651","Routine",3
"652","Exciting",2
"653","Exciting",2
"654","Exciting",1
"655","Dull",2
"656","Don't know",3
"657","Routine",2
"658","Routine",4
"659","Exciting",1
"660","Exciting",14
"661","Exciting",2
"662","Exciting",10
"663","Exciting",1
"664","Routine",5
"665","Routine",3
"666","Routine",2
"667","Don't know",2
"668","Routine",0
"669","Routine",4
"670","Routine",8
"671","Routine",1
"672","Exciting",1
"673","Exciting",4
"674","Routine",2
"675","Routine",4
"676","Exciting",4
"677","Exciting",4
"678","Routine",2
"679","Routine",4
"680","Don't know",5
"681","Exciting",0
"682","Exciting",1
"683","Exciting",2
"684","Routine",3
"685","Routine",2
"686","Routine",10
"687","Exciting",3
"688","Exciting",1
"689","Routine",2
"690","Routine",2
"691","Exciting",3
"692","Routine",1
"693","Routine",1
"694","Exciting",3
"695","Exciting",5
"696","Exciting",1
"697","Exciting",5
"698","Exciting",6
"699","Exciting",3
"700","Routine",3
"701","Exciting",2
"702","Exciting",1
"703","Exciting",2
"704","Exciting",0
"705","Exciting",2
"706","Routine",1
"707","Routine",2
"708","Exciting",3
"709","Exciting",2
"710","Exciting",0
"711","Routine",5
"712","Routine",2
"713","Exciting",2
"714","Exciting",3
"715","Exciting",2
"716","Exciting",2
"717","Exciting",1
"718","Routine",3
"719","Exciting",2
"720","Routine",5
"721","Routine",3
"722","Exciting",0
"723","Exciting",4
"724","Exciting",1
"725","Exciting",6
"726","Exciting",0
"727","Routine",2
"728","Exciting",2
"729","Exciting",4
"730","Routine",2
"731","Routine",7
"732","Routine",6
"733","Exciting",3
"734","Dull",2
"735","Routine",2
"736","Routine",1
"737","Routine",3
"738","Routine",1
"739","Exciting",2
"740","Routine",6
"741","Routine",1
"742","Routine",2
"743","Exciting",3
"744","Routine",2
"745","Exciting",0
"746","Routine",2
"747","Routine",2
"748","Routine",3
"749","Exciting",2
"750","Routine",2
"751","Exciting",2
"752","Routine",3
"753","Exciting",1
"754","Exciting",2
"755","Routine",0
"756","Routine",2
"757","Exciting",1
"758","Routine",2
"759","Exciting",2
"760","Dull",2
"761","Routine",1
"762","Exciting",2
"763","Routine",3
"764","Routine",5
"765","Exciting",2
"766","Routine",12
"767","Exciting",1
"768","Routine",18
"769","Dull",1
"770","Exciting",5
"771","Routine",4
"772","Exciting",3
"773","Exciting",1
"774","Routine",3
"775","Exciting",2
"776","Exciting",1
"777","Routine",3
"778","Routine",1
"779","Exciting",2
"780","Routine",1
"781","Routine",2
"782","Routine",1
"783","Dull",4
"784","Routine",1
"785","Routine",2
"786","Routine",5
"787","Exciting",5
"788","Exciting",1
"789","Exciting",1
"790","Exciting",6
"791","Exciting",5
"792","Exciting",2
"793","Exciting",0
"794","Dull",2
"795","Exciting",4
"796","Dull",3
"797","Routine",3
"798","Exciting",2
"799","Exciting",1
"800","Exciting",1
"801","Exciting",0
"802","Exciting",1
"803","Exciting",5
"804","Routine",3
"805","Exciting",2
"806","Routine",12
"807","Routine",1
"808","Exciting",1
"809","Routine",1
"810","Exciting",2
"811","Routine",1
"812","Exciting",1
"813","Exciting",2
"814","Exciting",2
"815","Dull",6
"816","Exciting",2
"817","Dull",0
"818","Exciting",2
"819","Dull",2
"820","Routine",4
"821","Routine",2
"822","Exciting",1
"823","Routine",5
"824","Exciting",1
"825","Routine",2
"826","Routine",1
"827","Exciting",1
"828","Routine",4
"829","Exciting",4
"830","Exciting",5
"831","Dull",10
"832","Exciting",3
"833","Exciting",3
"834","Exciting",1
"835","Routine",4
"836","Exciting",2
"837","Routine",3
"838","Exciting",2
"839","Routine",2
"840","Routine",2
"841","Routine",2
"842","Dull",5
"843","Routine",3
"844","Routine",2
"845","Exciting",2
"846","Exciting",4
"847","Exciting",2
"848","Exciting",1
"849","Routine",2
"850","Exciting",2
"851","Exciting",1
"852","Routine",3
"853","Exciting",2
"854","Exciting",6
"855","Dull",6
"856","Routine",2
"857","Exciting",6
"858","Exciting",1
"859","Dull",2
"860","Routine",1
"861","Exciting",1
"862","Exciting",4
"863","Exciting",2
"864","Exciting",1
"865","Routine",3
"866","Routine",6
"867","Routine",7
"868","Don't know",2
"869","Exciting",3
"870","Exciting",4
"871","Dull",4
"872","Routine",6
"873","Dull",4
"874","Exciting",1
"875","Routine",3
"876","Routine",2
"877","Routine",3
"878","Exciting",8
"879","Exciting",1
"880","Routine",1
"881","Exciting",10
"882","Routine",1
"883","Exciting",3
"884","Exciting",1
"885","Exciting",4
"886","Routine",3
"887","Dull",12
"888","Routine",8
"889","Exciting",2
"890","Routine",6
"891","Routine",5
"892","Routine",1
"893","Dull",10
"894","Exciting",3
"895","Exciting",3
"896","Exciting",2
"897","Routine",2
"898","Exciting",2
"899","Dull",8
"900","Routine",4
"901","Routine",2
"902","Exciting",1
"903","Exciting",5
"904","Exciting",2
"905","Routine",4
"906","Routine",3
"907","Routine",6
"908","Routine",2
"909","Exciting",4
"910","Exciting",1
"911","Exciting",0
"912","Exciting",3
"913","Exciting",0
"914","Exciting",1
"915","Routine",1
"916","Exciting",4
"917","Exciting",1
"918","Exciting",4
"919","Exciting",6
"920","Exciting",2
"921","Exciting",0
"922","Routine",5
"923","Routine",2
"924","Routine",0
"925","Exciting",3
"926","Routine",5
"927","Exciting",3
"928","Routine",5
"929","Exciting",4
"930","Exciting",1
"931","Routine",2
"932","Routine",2
"933","Exciting",5
"934","Exciting",2
"935","Routine",1
"936","Exciting",1
"937","Exciting",2
"938","Exciting",2
"939","Exciting",3
"940","Exciting",3
"941","Routine",4
"942","Exciting",2
"943","Exciting",3
"944","Routine",4
"945","Routine",1
"946","Exciting",2
"947","Routine",3
"948","Routine",2
"949","Exciting",4
"950","Routine",6
"951","Exciting",2
"952","Exciting",1
"953","Exciting",2
"954","Routine",4
"955","Routine",1
"956","Routine",4
"957","Exciting",1
"958","Dull",4
"959","Routine",1
"960","Routine",2
"961","Routine",2
"962","Routine",1
"963","Routine",2
"964","Exciting",1
"965","Routine",2
"966","Routine",3
"967","Routine",2
"968","Exciting",3
"969","Routine",2
"970","Routine",3
"971","Exciting",3
"972","Routine",1
"973","Exciting",1
"974","Exciting",3
"975","Routine",3
"976","Routine",5
"977","Routine",2
"978","Routine",4
"979","Exciting",1
"980","Exciting",2
"981","Exciting",2
"982","Exciting",1
"983","Routine",3
"984","Exciting",1
"985","Exciting",1
"986","Routine",3
"987","Routine",2
"988","Routine",2
"989","Exciting",2
"990","Routine",2
"991","Don't know",0
"992","Routine",2
"993","Routine",2
"994","Exciting",2
"995","Routine",0
"996","Routine",3
"997","Exciting",1
"998","Exciting",2
"999","Dull",1
"1000","Exciting",3
"1001","Exciting",2
"1002","Exciting",4
"1003","Routine",2
"1004","Exciting",3
"1005","Routine",4
"1006","Exciting",1
"1007","Exciting",1
"1008","Exciting",1
"1009","Exciting",1
"1010","Exciting",1
"1011","Routine",2
"1012","Exciting",1
"1013","Exciting",2
"1014","Exciting",6
"1015","Routine",4
"1016","Routine",3
"1017","Dull",7
"1018","Exciting",0
"1019","Routine",3
"1020","Exciting",3
"1021","Routine",6
"1022","Dull",10
"1023","Routine",4
"1024","Routine",8
"1025","Exciting",1
"1026","Routine",3
"1027","Exciting",2
"1028","Routine",3
"1029","Routine",3
"1030","Routine",1
"1031","Exciting",1
"1032","Exciting",5
"1033","Exciting",3
"1034","Routine",1
"1035","Routine",2
"1036","Routine",3
"1037","Exciting",3
"1038","Exciting",3
"1039","Exciting",2
"1040","Exciting",2
"1041","Routine",3
"1042","Exciting",5
"1043","Exciting",3
"1044","Routine",4
"1045","Routine",6
"1046","Routine",3
"1047","Routine",2
"1048","Routine",1
"1049","Exciting",2
"1050","Exciting",3
"1051","Exciting",4
"1052","Exciting",1
"1053","Exciting",7
"1054","Dull",3
"1055","Exciting",4
"1056","Routine",1
"1057","Exciting",1
"1058","Routine",2
"1059","Exciting",1
"1060","Exciting",1
"1061","Exciting",2
"1062","Routine",3
"1063","Exciting",1
"1064","Exciting",5
"1065","Routine",5
"1066","Routine",3
"1067","Dull",4
"1068","Exciting",4
"1069","Routine",3
"1070","Exciting",2
"1071","Exciting",6
"1072","Routine",1
"1073","Routine",2
"1074","Routine",5
"1075","Routine",1
"1076","Routine",2
"1077","Exciting",1
"1078","Routine",2
"1079","Routine",3
"1080","Exciting",1
"1081","Routine",2
"1082","Exciting",3
"1083","Routine",4
"1084","Exciting",1
"1085","Exciting",4
"1086","Routine",3
"1087","Dull",1
"1088","Exciting",2
"1089","Routine",2
"1090","Exciting",4
"1091","Exciting",2
"1092","Exciting",3
"1093","Exciting",1
"1094","Exciting",5
"1095","Routine",2
"1096","Routine",1
"1097","Routine",4
"1098","Exciting",1
"1099","Routine",1
"1100","Exciting",0
"1101","Routine",5
"1102","Routine",1
"1103","Exciting",1
"1104","Routine",8
"1105","Exciting",1
"1106","Exciting",3
"1107","Routine",2
"1108","Routine",3
"1109","Routine",7
"1110","Routine",0
"1111","Routine",1
"1112","Exciting",2
"1113","Exciting",3
"1114","Exciting",2
"1115","Exciting",2
"1116","Exciting",1
"1117","Exciting",3
"1118","Exciting",2
"1119","Routine",2
"1120","Exciting",3
"1121","Exciting",2
"1122","Exciting",2
"1123","Routine",2
"1124","Routine",3
"1125","Exciting",1
"1126","Routine",4
"1127","Exciting",4
"1128","Exciting",3
"1129","Routine",3
"1130","Routine",15
"1131","Dull",0
"1132","Exciting",0
"1133","Routine",4
"1134","Exciting",2
"1135","Exciting",7
"1136","Routine",5
"1137","Routine",10
"1138","Exciting",4
"1139","Routine",3
"1140","Dull",2
"1141","Routine",7
"1142","Routine",3
"1143","Exciting",3
"1144","Exciting",2
"1145","Routine",4
"1146","Routine",2
"1147","Exciting",2
"1148","Exciting",1
"1149","Exciting",2
"1150","Routine",2
"1151","Routine",2
"1152","Dull",8
"1153","Exciting",3
"1154","Dull",0
"1155","Exciting",1
"1156","Exciting",2
"1157","Exciting",1
"1158","Exciting",2
"1159","Exciting",5
"1160","Exciting",2
"1161","Exciting",1
"1162","Routine",3
"1163","Exciting",2
"1164","Exciting",2
"1165","Routine",4
"1166","Routine",2
"1167","Exciting",2
"1168","Routine",2
"1169","Exciting",4
"1170","Routine",2
"1171","Routine",4
"1172","Routine",1
"1173","Exciting",5
"1174","Routine",1
"1175","Routine",5
"1176","Routine",3
"1177","Exciting",1
"1178","Exciting",1
"1179","Exciting",1
"1180","Exciting",10
"1181","Exciting",2
"1182","Exciting",5
"1183","Routine",2
"1184","Routine",5
"1185","Routine",2
"1186","Routine",3
"1187","Routine",1
"1188","Routine",2
"1189","Exciting",0
"1190","Exciting",1
"1191","Routine",6
"1192","Routine",2
"1193","Exciting",4
"1194","Dull",6
"1195","Exciting",2
"1196","Routine",4
"1197","Exciting",2
"1198","Routine",3
"1199","Routine",4
"1200","Exciting",6
"1201","Exciting",1
"1202","Routine",5
"1203","Exciting",2
"1204","Routine",5
"1205","Exciting",1
"1206","Routine",8
"1207","Exciting",3
"1208","Routine",5
"1209","Dull",2
"1210","Exciting",0
"1211","Routine",1
"1212","Exciting",0
"1213","Routine",4
"1214","Routine",1
"1215","Exciting",3
"1216","Exciting",1
"1217","Dull",2
"1218","Routine",1
"1219","Routine",5
"1220","Exciting",2
"1221","Routine",5
"1222","Exciting",1
"1223","Exciting",1
"1224","Exciting",2
"1225","Exciting",1
"1226","Routine",6
"1227","Exciting",2
"1228","Exciting",1
"1229","Exciting",2
"1230","Exciting",4
"1231","Routine",4
"1232","Dull",4
"1233","Dull",2
"1234","Routine",2
"1235","Exciting",3
"1236","Exciting",2
"1237","Routine",1
"1238","Exciting",3
"1239","Exciting",0
"1240","Exciting",2
"1241","Routine",4
"1242","Routine",2
"1243","Exciting",3
"1244","Exciting",1
"1245","Routine",1
"1246","Don't know",3
"1247","Exciting",4
"1248","Exciting",3
"1249","Routine",2
"1250","Routine",10
"1251","Exciting",1
"1252","Routine",5
"1253","Routine",4
"1254","Exciting",2
"1255","Routine",4
"1256","Routine",1
"1257","Exciting",2
"1258","Routine",7
"1259","Routine",4
"1260","Routine",2
"1261","Routine",6
"1262","Routine",1
"1263","Exciting",2
"1264","Exciting",10
"1265","Routine",1
"1266","Routine",6
"1267","Exciting",4
"1268","Routine",8
"1269","Exciting",4
"1270","Routine",3
"1271","Exciting",4
"1272","Exciting",4
"1273","Exciting",3
"1274","Dull",1
"1275","Exciting",0
"1276","Exciting",1
"1277","Routine",3
"1278","Exciting",2
"1279","Exciting",3
"1280","Routine",2
"1281","Exciting",4
"1282","Exciting",3
"1283","Routine",1
"1284","Exciting",4
"1285","Routine",2
"1286","Exciting",4
"1287","Routine",6
"1288","Exciting",2
"1289","Routine",2
"1290","Exciting",3
"1291","Exciting",2
"1292","Don't know",1
"1293","Routine",1
"1294","Routine",1
"1295","Dull",3
"1296","Dull",5
"1297","Exciting",3
"1298","Routine",2
"1299","Exciting",14
"1300","Exciting",4
"1301","Routine",8
"1302","Routine",2
"1303","Exciting",1
"1304","Exciting",12
"1305","Routine",3
"1306","Routine",2
"1307","Exciting",2
"1308","Exciting",4
"1309","Exciting",8
"1310","Routine",6
"1311","Routine",2
"1312","Routine",3
"1313","Routine",2
"1314","Exciting",5
"1315","Exciting",1
"1316","Exciting",4
"1317","Routine",4
"1318","Routine",6
"1319","Exciting",5
"1320","Routine",3
"1321","Dull",4
"1322","Exciting",1
"1323","Exciting",2
"1324","Exciting",0
"1325","Routine",3
"1326","Routine",2
"1327","Routine",3
"1328","Routine",2
"1329","Exciting",1
"1330","Exciting",2
"1331","Routine",2
"1332","Exciting",1
"1333","Exciting",6
"1334","Exciting",3
"1335","Don't know",2
"1336","Exciting",3
"1337","Routine",1
"1338","Routine",1
"1339","Exciting",3
"1340","Exciting",1
"1341","Routine",4
"1342","Routine",2
"1343","Exciting",3
"1344","Routine",8
"1345","Routine",4
"1346","Exciting",1
"1347","Exciting",2
"1348","Routine",4
"1349","Exciting",1
"1350","Routine",1
"1351","Routine",3
"1352","Routine",2
"1353","Exciting",12
"1354","Routine",12
"1355","Exciting",2
"1356","Routine",1
"1357","Routine",3
"1358","Routine",2
"1359","Routine",2
"1360","Exciting",2
"1361","Routine",6
"1362","Routine",12
"1363","Routine",2
"1364","Exciting",7
"1365","Exciting",1
"1366","Exciting",3
"1367","Routine",6
"1368","Routine",3
"1369","Exciting",2
"1370","Routine",1
"1371","Routine",5
"1372","Exciting",4
"1373","Exciting",10
"1374","Routine",4
"1375","Routine",7
"1376","Routine",5
"1377","Routine",3
"1378","Routine",5
"1379","Routine",2
"1380","Exciting",3
"1381","Routine",3
"1382","Dull",4
"1383","Routine",2
"1384","Dull",3
"1385","Exciting",1
"1386","Exciting",2
"1387","Routine",4
"1388","Exciting",2
"1389","Routine",3
"1390","Exciting",3
"1391","Dull",5
"1392","Exciting",2
"1393","Exciting",2
"1394","Routine",3
"1395","Exciting",2
"1396","Routine",4
"1397","Exciting",1
"1398","Exciting",2
"1399","Don't know",8
"1400","Routine",4
"1401","Exciting",4
"1402","Routine",2
"1403","Exciting",6
"1404","Routine",2
"1405","Exciting",8
"1406","Routine",3
"1407","Exciting",5
"1408","Routine",2
"1409","Exciting",1
"1410","Exciting",3
"1411","Exciting",3
"1412","Routine",4
"1413","Exciting",4
"1414","Routine",2
"1415","Exciting",2
"1416","Routine",2
"1417","Routine",2
"1418","Dull",2
"1419","Routine",4
"1420","Exciting",3
"1421","Exciting",3
"1422","Exciting",2
"1423","Exciting",4
"1424","Routine",4
"1425","Exciting",5
"1426","Exciting",6
"1427","Exciting",3
"1428","Routine",2
"1429","Exciting",2
"1430","Exciting",3
"1431","Exciting",0
"1432","Routine",2
"1433","Exciting",14
"1434","Routine",3
"1435","Exciting",1
"1436","Routine",2
"1437","Exciting",2
"1438","Routine",3
"1439","Routine",2
"1440","Routine",7
"1441","Exciting",3
"1442","Dull",5
"1443","Routine",3
"1444","Routine",3
"1445","Exciting",1
"1446","Routine",2
"1447","Exciting",1
"1448","Exciting",1
"1449","Exciting",1
"1450","Exciting",3
"1451","Exciting",2
"1452","Routine",1
"1453","Dull",1
"1454","Exciting",2
"1455","Routine",2
"1456","Dull",8
"1457","Routine",6
"1458","Exciting",5
"1459","Exciting",2
"1460","Exciting",4
"1461","Exciting",0
"1462","Exciting",1
"1463","Exciting",1
"1464","Routine",4
"1465","Don't know",2
"1466","Dull",5
"1467","Routine",0
"1468","Don't know",2
"1469","Exciting",4
"1470","Exciting",1
"1471","Exciting",2
"1472","Routine",3
"1473","Exciting",2
"1474","Don't know",1
"1475","Routine",2
"1476","Exciting",1
"1477","Exciting",4
"1478","Routine",1
"1479","Exciting",1
"1480","Exciting",1
"1481","Routine",1
"1482","Exciting",4
"1483","Exciting",1
"1484","Exciting",5
"1485","Routine",1
"1486","Dull",4
"1487","Exciting",2
"1488","Exciting",1
"1489","Exciting",1
"1490","Routine",3
"1491","Exciting",3
"1492","Routine",2
"1493","Routine",4
"1494","Routine",4
"1495","Routine",3
"1496","Exciting",2
"1497","Exciting",2
"1498","Routine",1
"1499","Routine",2
"1500","Exciting",4
"1501","Exciting",3
"1502","Exciting",7
"1503","Exciting",2
"1504","Exciting",0
"1505","Routine",3
"1506","Exciting",1
"1507","Routine",3
"1508","Don't know",1
"1509","Exciting",1
"1510","Exciting",2
"1511","Routine",0
"1512","Exciting",2
"1513","Exciting",1
"1514","Routine",1
"1515","Exciting",2
"1516","Exciting",0
"1517","Exciting",2
"1518","Exciting",1
"1519","Routine",1
"1520","Exciting",3
"1521","Routine",2
"1522","Routine",1
"1523","Exciting",1
"1524","Exciting",1
"1525","Dull",8
"1526","Routine",3
"1527","Don't know",4
"1528","Routine",0
"1529","Exciting",1
"1530","Exciting",3
"1531","Routine",4
"1532","Exciting",2
"1533","Exciting",1
"1534","Routine",8
"1535","Routine",2
"1536","Routine",3
"1537","Routine",3
"1538","Exciting",4
"1539","Exciting",4
"1540","Exciting",2
"1541","Routine",2
"1542","Routine",6
"1543","Exciting",1
"1544","Routine",1
"1545","Routine",0
"1546","Routine",5
"1547","Routine",2
"1548","Routine",10
"1549","Exciting",0
"1550","Exciting",3
"1551","Exciting",1
"1552","Routine",1
"1553","Routine",2
"1554","Routine",4
"1555","Routine",4
"1556","Routine",5
"1557","Exciting",0
"1558","Exciting",5
"1559","Routine",4
"1560","Exciting",3
"1561","Exciting",1
"1562","Routine",2
"1563","Exciting",0
"1564","Routine",2
"1565","Exciting",1
"1566","Routine",2
"1567","Routine",2
"1568","Routine",2
"1569","Exciting",4
"1570","Exciting",5
"1571","Exciting",1
"1572","Exciting",5
"1573","Exciting",4
"1574","Routine",4
"1575","Exciting",2
"1576","Routine",5
"1577","Exciting",6
"1578","Routine",8
"1579","Routine",5
"1580","Exciting",2
"1581","Routine",2
"1582","Routine",4
"1583","Exciting",6
"1584","Dull",4
"1585","Routine",3
"1586","Dull",4
"1587","Exciting",5
"1588","Routine",2
"1589","Exciting",2
"1590","Exciting",2
"1591","Dull",4
"1592","Exciting",1
"1593","Routine",4
"1594","Routine",2
"1595","Exciting",0
"1596","Exciting",4
"1597","Exciting",4
"1598","Exciting",2
"1599","Exciting",3
"1600","Routine",6
"1601","Exciting",0
"1602","Exciting",2
"1603","Exciting",1
"1604","Routine",2
"1605","Exciting",0
"1606","Routine",5
"1607","Routine",4
"1608","Exciting",2
"1609","Routine",0
"1610","Routine",3
"1611","Routine",2
"1612","Routine",2
"1613","Exciting",0
"1614","Routine",1
"1615","Routine",1
"1616","Exciting",4
"1617","Exciting",1
"1618","Exciting",4
"1619","Exciting",3
"1620","Routine",1
"1621","Exciting",6
"1622","Routine",5
"1623","Exciting",2
"1624","Exciting",2
"1625","Exciting",1
"1626","Routine",2
"1627","Don't know",3
"1628","Routine",2
"1629","Exciting",4
"1630","Exciting",2
"1631","Routine",5
"1632","Exciting",1
"1633","Exciting",1
"1634","Exciting",10
"1635","Exciting",1
"1636","Exciting",2
"1637","Routine",2
"1638","Routine",3
"1639","Exciting",2
"1640","Exciting",24
"1641","Exciting",1
"1642","Don't know",1
"1643","Exciting",1
"1644","Exciting",2
"1645","Routine",6
"1646","Exciting",1
"1647","Routine",5
"1648","Routine",3
"1649","Exciting",3
"1650","Routine",3
"1651","Routine",1
"1652","Exciting",3
"1653","Routine",3
"1654","Exciting",2
"1655","Exciting",2
"1656","Exciting",4
"1657","Exciting",4
"1658","Exciting",4
"1659","Routine",1
"1660","Routine",8
"1661","Routine",3
"1662","Routine",4
"1663","Routine",3
"1664","Exciting",2
"1665","Exciting",3
"1666","Exciting",1
"1667","Exciting",2
"1668","Exciting",2
"1669","Exciting",3
"1670","Routine",1
"1671","Exciting",4
"1672","Exciting",17
"1673","Exciting",0
"1674","Exciting",1
"1675","Routine",1
"1676","Routine",3
"1677","Don't know",5
"1678","Routine",2
"1679","Routine",1
"1680","Dull",1
"1681","Dull",1
"1682","Exciting",4
"1683","Exciting",4
"1684","Exciting",2
"1685","Exciting",0
"1686","Routine",1
"1687","Exciting",2
"1688","Exciting",2
"1689","Exciting",2
"1690","Exciting",2
"1691","Don't know",0
"1692","Routine",1
"1693","Dull",2
"1694","Routine",2
"1695","Exciting",1
"1696","Exciting",1
"1697","Routine",2
"1698","Routine",20
"1699","Routine",1
"1700","Routine",2
"1701","Routine",3
"1702","Exciting",10
"1703","Routine",2
"1704","Routine",4
"1705","Exciting",1
"1706","Exciting",0
"1707","Routine",4
"1708","Routine",2
"1709","Exciting",1
"1710","Routine",2
"1711","Routine",6
"1712","Exciting",3
"1713","Exciting",10
"1714","Routine",3
"1715","Exciting",4
"1716","Routine",0
"1717","Exciting",6
"1718","Exciting",2
"1719","Routine",1
"1720","Exciting",1
"1721","Exciting",1
"1722","Exciting",3
"1723","Routine",7
"1724","Exciting",3
"1725","Exciting",4
"1726","Exciting",1
"1727","Exciting",2
"1728","Dull",4
"1729","Exciting",2
"1730","Routine",2
"1731","Exciting",8
"1732","Routine",1
"1733","Routine",6
"1734","Exciting",5
"1735","Routine",3
"1736","Exciting",0
"1737","Routine",2
"1738","Exciting",3
"1739","Routine",2
"1740","Exciting",4
"1741","Routine",2
"1742","Routine",2
"1743","Dull",0
"1744","Routine",6
"1745","Exciting",2
"1746","Dull",4
"1747","Routine",1
"1748","Exciting",2
"1749","Exciting",1
"1750","Exciting",1
"1751","Exciting",3
"1752","Routine",5
"1753","Exciting",2
"1754","Routine",3
"1755","Exciting",1
"1756","Exciting",2
"1757","Routine",2
"1758","Routine",2
"1759","Routine",8
"1760","Routine",4
"1761","Routine",4
"1762","Routine",2
"1763","Routine",2
"1764","Exciting",1
"1765","Exciting",2
"1766","Exciting",2
"1767","Routine",1
"1768","Routine",3
"1769","Routine",3
"1770","Routine",3
"1771","Routine",4
"1772","Exciting",2
"1773","Exciting",2
"1774","Routine",2
"1775","Routine",2
"1776","Routine",2
"1777","Exciting",0
"1778","Exciting",8
"1779","Routine",10
"1780","Exciting",2
"1781","Routine",2
"1782","Exciting",2
"1783","Exciting",2
"1784","Routine",1
"1785","Routine",1
"1786","Exciting",4
"1787","Routine",0
"1788","Dull",6
"1789","Exciting",4
"1790","Routine",4
"1791","Routine",5
"1792","Exciting",1
"1793","Routine",2
"1794","Exciting",3
"1795","Exciting",6
"1796","Exciting",4
"1797","Exciting",6
"1798","Routine",16
"1799","Exciting",2
"1800","Exciting",3
"1801","Exciting",2
"1802","Routine",3
"1803","Exciting",9
"1804","Routine",2
"1805","Routine",10
"1806","Routine",5
"1807","Routine",0
"1808","Exciting",6
"1809","Routine",1
"1810","Routine",4
"1811","Exciting",1
"1812","Exciting",3
"1813","Exciting",4
"1814","Routine",2
"1815","Exciting",1
"1816","Routine",4
"1817","Routine",4
"1818","Routine",6
"1819","Routine",2
"1820","Routine",7
"1821","Routine",4
"1822","Routine",3
"1823","Exciting",2
"1824","Routine",1
"1825","Routine",6
"1826","Routine",4
"1827","Routine",7
"1828","Routine",4
"1829","Routine",1
"1830","Routine",2
"1831","Routine",6
"1832","Routine",3
"1833","Routine",2
"1834","Exciting",0
"1835","Exciting",2
"1836","Exciting",1
"1837","Exciting",0
"1838","Exciting",1
"1839","Exciting",1
"1840","Exciting",4
"1841","Exciting",3
"1842","Exciting",2
"1843","Routine",3
"1844","Routine",11
"1845","Routine",12
"1846","Exciting",0
"1847","Exciting",2
"1848","Exciting",1
"1849","Exciting",2
"1850","Exciting",4
"1851","Routine",2
"1852","Routine",3
"1853","Exciting",2
"1854","Exciting",2
"1855","Routine",3
"1856","Routine",6
"1857","Routine",8
"1858","Exciting",1
"1859","Routine",2
"1860","Routine",6
"1861","Exciting",1
"1862","Exciting",1
"1863","Routine",3
"1864","Routine",2
"1865","Exciting",3
"1866","Routine",1
"1867","Exciting",1
"1868","Routine",2
"1869","Routine",3
"1870","Dull",1
"1871","Routine",6
"1872","Routine",1
"1873","Exciting",2
"1874","Exciting",1
"1875","Exciting",2
"1876","Routine",10
"1877","Routine",3
"1878","Routine",1
"1879","Routine",5
"1880","Exciting",2
"1881","Exciting",0
"1882","Exciting",2
"1883","Exciting",1
"1884","Exciting",3
"1885","Routine",1
"1886","Exciting",3
"1887","Routine",0
"1888","Exciting",2
"1889","Exciting",2
"1890","Routine",1
"1891","Exciting",2
"1892","Exciting",1
"1893","Routine",5
"1894","Exciting",0
"1895","Exciting",3
"1896","Routine",3
"1897","Routine",1
"1898","Exciting",4
"1899","Exciting",0
"1900","Exciting",0
"1901","Routine",1
"1902","Routine",1
"1903","Exciting",3
"1904","Don't know",1
"1905","Exciting",12
"1906","Routine",0
"1907","Routine",1
"1908","Routine",2
"1909","Routine",2
"1910","Exciting",3
"1911","Dull",8
"1912","Exciting",1
"1913","Routine",1
"1914","Exciting",5
"1915","Routine",4
"1916","Exciting",2
"1917","Routine",4
"1918","Routine",2
"1919","Exciting",3
"1920","Routine",2
"1921","Exciting",2
"1922","Routine",2
"1923","Routine",3
"1924","Exciting",2
"1925","Routine",2
"1926","Exciting",1
"1927","Routine",0
"1928","Exciting",6
"1929","Exciting",2
"1930","Dull",3
"1931","Routine",1
"1932","Exciting",2
"1933","Routine",2
"1934","Routine",8
"1935","Routine",1
"1936","Exciting",1
"1937","Exciting",2
"1938","Routine",2
"1939","Dull",1
"1940","Routine",2
"1941","Routine",3
"1942","Dull",4
"1943","Exciting",2
"1944","Exciting",8
"1945","Routine",0
"1946","Exciting",3
"1947","Exciting",2
"1948","Routine",4
"1949","Exciting",2
"1950","Exciting",4
"1951","Routine",2
"1952","Exciting",2
"1953","Routine",2
"1954","Routine",3
"1955","Routine",2
"1956","Exciting",2
"1957","Exciting",2
"1958","Routine",0
"1959","Dull",5
"1960","Exciting",2
"1961","Dull",4
"1962","Routine",1
"1963","Routine",4
"1964","Exciting",2
"1965","Exciting",1
"1966","Exciting",1
"1967","Exciting",3
"1968","Exciting",4
"1969","Exciting",1
"1970","Exciting",0
"1971","Routine",2
"1972","Exciting",1
"1973","Exciting",2
"1974","Routine",4
"1975","Dull",4
"1976","Routine",3
"1977","Routine",2
"1978","Exciting",2
"1979","Dull",4
"1980","Exciting",1
"1981","Routine",6
"1982","Dull",6
"1983","Routine",8
"1984","Routine",3
"1985","Routine",3
"1986","Routine",2
"1987","Exciting",4
"1988","Exciting",3
"1989","Routine",3
"1990","Routine",1
"1991","Routine",5
"1992","Exciting",5
"1993","Routine",2
"1994","Routine",3
"1995","Routine",6
"1996","Routine",6
"1997","Exciting",2
"1998","Exciting",0
"1999","Exciting",1
"2000","Routine",3
"2001","Exciting",0
"2002","Dull",4
"2003","Exciting",3
"2004","Routine",2
"2005","Routine",4
"2006","Dull",5
"2007","Exciting",0
"2008","Exciting",5
"2009","Exciting",3
"2010","Dull",4
"2011","Routine",5
"2012","Routine",6
"2013","Routine",1
"2014","Routine",0
"2015","Routine",24
"2016","Routine",4
"2017","Exciting",4
"2018","Exciting",1
"2019","Exciting",1
"2020","Exciting",1
"2021","Routine",3
"2022","Exciting",1
"2023","Routine",3
"2024","Exciting",1
"2025","Routine",4
"2026","Routine",1
"2027","Routine",1
"2028","Exciting",1
"2029","Exciting",4
"2030","Routine",3
"2031","Routine",1
"2032","Exciting",2
"2033","Routine",3
"2034","Exciting",3
"2035","Routine",4
"2036","Dull",8
"2037","Exciting",8
"2038","Dull",10
"2039","Exciting",8
"2040","Routine",5
"2041","Routine",2
"2042","Routine",3
"2043","Routine",6
"2044","Routine",0
"2045","Routine",2
"2046","Routine",2
"2047","Exciting",2
"2048","Routine",1
"2049","Exciting",1
"2050","Exciting",1
"2051","Exciting",4
"2052","Exciting",0
"2053","Routine",2
"2054","Routine",2
"2055","Exciting",2
"2056","Routine",3
"2057","Routine",3
"2058","Dull",2
"2059","Dull",12
"2060","Routine",4
"2061","Exciting",6
"2062","Routine",6
"2063","Exciting",3
"2064","Routine",4
"2065","Routine",2
"2066","Routine",2
"2067","Dull",2
"2068","Routine",3
"2069","Exciting",4
"2070","Routine",2
"2071","Exciting",1
"2072","Routine",4
"2073","Exciting",2
"2074","Routine",2
"2075","Exciting",3
"2076","Routine",4
"2077","Exciting",3
"2078","Routine",1
"2079","Exciting",4
"2080","Routine",1
"2081","Exciting",7
"2082","Exciting",2
"2083","Routine",4
"2084","Routine",4
"2085","Routine",5
"2086","Routine",2
"2087","Exciting",4
"2088","Exciting",2
"2089","Routine",2
"2090","Dull",1
"2091","Exciting",3
"2092","Exciting",3
"2093","Exciting",1
"2094","Routine",2
"2095","Exciting",1
"2096","Exciting",2
"2097","Exciting",2
"2098","Routine",2
"2099","Dull",3
"2100","Routine",1
"2101","Routine",1
"2102","Routine",5
"2103","Routine",4
"2104","Exciting",2
"2105","Routine",2
"2106","Routine",4
"2107","Exciting",2
"2108","Exciting",1
"2109","Routine",7
"2110","Exciting",0
"2111","Exciting",4
"2112","Exciting",3
"2113","Exciting",2
"2114","Routine",3
"2115","Routine",2
"2116","Exciting",1
"2117","Don't know",5
"2118","Routine",1
"2119","Exciting",1
"2120","Routine",2
"2121","Exciting",2
"2122","Exciting",2
"2123","Routine",5
"2124","Don't know",5
"2125","Routine",4
"2126","Exciting",6
"2127","Routine",3
"2128","Routine",3
"2129","Exciting",3
"2130","Exciting",2
"2131","Exciting",2
"2132","Exciting",2
"2133","Exciting",2
"2134","Exciting",3
"2135","Routine",2
"2136","Exciting",1
"2137","Exciting",3
"2138","Exciting",3
"2139","Routine",1
"2140","Routine",9
"2141","Routine",4
"2142","Routine",3
"2143","Routine",2
"2144","Routine",2
"2145","Exciting",1
"2146","Routine",2
"2147","Routine",3
"2148","Exciting",6
"2149","Routine",3
"2150","Exciting",3
"2151","Routine",3
"2152","Exciting",0
"2153","Exciting",3
"2154","Routine",2
"2155","Routine",0
"2156","Routine",1
"2157","Exciting",2
"2158","Exciting",1
"2159","Exciting",1
"2160","Routine",1
"2161","Exciting",0
"2162","Routine",0
"2163","Routine",4
"2164","Routine",2
"2165","Routine",2
"2166","Exciting",2
"2167","Exciting",3
"2168","Routine",4
"2169","Exciting",1
"2170","Exciting",4
"2171","Exciting",1
"2172","Routine",1
"2173","Exciting",1
"2174","Exciting",0
"2175","Routine",2
"2176","Exciting",1
"2177","Exciting",1
"2178","Exciting",3
"2179","Exciting",6
"2180","Exciting",1
"2181","Routine",2
"2182","Exciting",4
"2183","Dull",7
"2184","Routine",0
"2185","Routine",1
"2186","Exciting",3
"2187","Routine",1
"2188","Exciting",1
"2189","Exciting",2
"2190","Routine",3
"2191","Exciting",2
"2192","Exciting",1
"2193","Routine",8
"2194","Exciting",2
"2195","Exciting",2
"2196","Exciting",3
"2197","Exciting",0
"2198","Routine",3
"2199","Exciting",1
"2200","Routine",4
"2201","Exciting",3
"2202","Don't know",3
"2203","Exciting",1
"2204","Routine",0
"2205","Exciting",3
"2206","Exciting",2
"2207","Exciting",4
"2208","Exciting",5
"2209","Routine",2
"2210","Exciting",0
"2211","Routine",2
"2212","Routine",4
"2213","Exciting",2
"2214","Exciting",3
"2215","Dull",0
"2216","Routine",5
"2217","Exciting",3
"2218","Routine",5
"2219","Routine",4
"2220","Routine",5
"2221","Routine",2
"2222","Routine",2
"2223","Exciting",6
"2224","Routine",1
"2225","Dull",23
"2226","Exciting",1
"2227","Routine",0
"2228","Routine",2
"2229","Exciting",1
"2230","Exciting",2
"2231","Exciting",3
"2232","Exciting",10
"2233","Routine",4
"2234","Exciting",2
"2235","Routine",6
"2236","Exciting",3
"2237","Exciting",0
"2238","Exciting",3
"2239","Routine",3
"2240","Exciting",2
"2241","Exciting",3
"2242","Exciting",21
"2243","Exciting",7
"2244","Routine",2
"2245","Routine",7
"2246","Exciting",4
"2247","Exciting",1
"2248","Exciting",7
"2249","Exciting",0
"2250","Routine",2
"2251","Exciting",1
"2252","Exciting",0
"2253","Exciting",0
"2254","Exciting",5
"2255","Routine",3
"2256","Exciting",1
"2257","Exciting",2
"2258","Routine",2
"2259","Exciting",2
"2260","Exciting",3
"2261","Exciting",2
"2262","Dull",5
"2263","Routine",2
"2264","Exciting",2
"2265","Exciting",1
"2266","Routine",4
"2267","Routine",3
"2268","Exciting",3
"2269","Exciting",5
"2270","Exciting",2
"2271","Exciting",0
"2272","Exciting",0
"2273","Routine",5
"2274","Routine",24
"2275","Routine",2
"2276","Routine",2
"2277","Exciting",1
"2278","Exciting",4
"2279","Routine",2
"2280","Exciting",1
"2281","Routine",6
"2282","Routine",3
"2283","Exciting",4
"2284","Exciting",2
"2285","Routine",1
"2286","Exciting",3
"2287","Exciting",1
"2288","Routine",3
"2289","Routine",4
"2290","Routine",2
"2291","Exciting",2
"2292","Exciting",8
"2293","Exciting",6
"2294","Routine",4
"2295","Routine",7
"2296","Routine",6
"2297","Exciting",3
"2298","Exciting",3
"2299","Routine",3
"2300","Routine",2
"2301","Exciting",3
"2302","Dull",2
"2303","Exciting",2
"2304","Routine",3
"2305","Exciting",2
"2306","Exciting",1
"2307","Exciting",3
"2308","Routine",2
"2309","Routine",1
"2310","Exciting",1
"2311","Exciting",2
"2312","Routine",2
"2313","Exciting",4
"2314","Exciting",2
"2315","Routine",3
"2316","Exciting",1
"2317","Routine",6
"2318","Routine",1
"2319","Exciting",3
"2320","Routine",3
"2321","Routine",3
"2322","Dull",4
"2323","Routine",5
"2324","Routine",0
"2325","Routine",2
"2326","Exciting",1
"2327","Exciting",3
"2328","Routine",1
"2329","Exciting",8
"2330","Exciting",10
"2331","Routine",3
"2332","Routine",14
"2333","Routine",3
"2334","Exciting",2
"2335","Routine",4
"2336","Exciting",2
"2337","Routine",2
"2338","Routine",5
"2339","Routine",2
"2340","Dull",20
"2341","Exciting",4
"2342","Exciting",0
"2343","Exciting",3
"2344","Routine",2
"2345","Exciting",7
"2346","Exciting",2
"2347","Exciting",2
"2348","Exciting",4
"2349","Routine",14
"2350","Exciting",1
"2351","Routine",1
"2352","Exciting",3
"2353","Exciting",12
"2354","Routine",8
"2355","Exciting",6
"2356","Exciting",2
"2357","Exciting",0
"2358","Routine",4
"2359","Exciting",5
"2360","Exciting",2
"2361","Exciting",1
"2362","Routine",2
"2363","Dull",4
"2364","Routine",4
"2365","Routine",5
"2366","Exciting",2
"2367","Exciting",6
"2368","Exciting",1
"2369","Routine",8
"2370","Exciting",1
"2371","Exciting",4
"2372","Routine",2
"2373","Exciting",2
"2374","Exciting",2
"2375","Exciting",2
"2376","Exciting",5
"2377","Exciting",0
"2378","Routine",7
"2379","Exciting",1
"2380","Routine",1
"2381","Routine",3
"2382","Routine",2
"2383","Exciting",1
"2384","Exciting",3
"2385","Exciting",1
"2386","Exciting",0
"2387","Dull",2
"2388","Routine",2
"2389","Routine",3
"2390","Routine",2
"2391","Routine",0
"2392","Routine",5
"2393","Dull",3
"2394","Exciting",10
"2395","Exciting",2
"2396","Routine",5
"2397","Routine",9
"2398","Routine",3
"2399","Exciting",2
"2400","Routine",4
"2401","Routine",2
"2402","Routine",2
"2403","Exciting",2
"2404","Routine",4
"2405","Routine",2
"2406","Exciting",6
"2407","Routine",3
"2408","Routine",3
"2409","Exciting",2
"2410","Exciting",2
"2411","Exciting",1
"2412","Exciting",1
"2413","Routine",3
"2414","Routine",5
"2415","Routine",4
"2416","Routine",1
"2417","Routine",3
"2418","Dull",8
"2419","Routine",2
"2420","Exciting",1
"2421","Exciting",1
"2422","Routine",2
"2423","Routine",2
"2424","Dull",3
"2425","Exciting",3
"2426","Routine",2
"2427","Routine",3
"2428","Routine",6
"2429","Exciting",2
"2430","Exciting",2
"2431","Exciting",2
"2432","Exciting",0
"2433","Exciting",1
"2434","Routine",0
"2435","Exciting",3
"2436","Exciting",2
"2437","Exciting",1
"2438","Routine",1
"2439","Exciting",2
"2440","Exciting",1
"2441","Exciting",0
"2442","Routine",4
"2443","Dull",3
"2444","Routine",1
"2445","Exciting",2
"2446","Routine",3
"2447","Routine",6
"2448","Dull",3
"2449","Exciting",7
"2450","Exciting",2
"2451","Exciting",2
"2452","Exciting",0
"2453","Exciting",3
"2454","Exciting",2
"2455","Exciting",2
"2456","Routine",8
"2457","Exciting",4
"2458","Exciting",3
"2459","Exciting",2
"2460","Routine",1
"2461","Routine",10
"2462","Exciting",3
"2463","Routine",3
"2464","Exciting",1
"2465","Exciting",1
"2466","Routine",4
"2467","Routine",2
"2468","Routine",1
"2469","Exciting",2
"2470","Routine",10
"2471","Routine",1
"2472","Routine",8
"2473","Routine",2
"2474","Routine",5
"2475","Routine",5
"2476","Exciting",2
"2477","Routine",1
"2478","Routine",5
"2479","Routine",1
"2480","Exciting",2
"2481","Exciting",1
"2482","Exciting",3
"2483","Routine",1
"2484","Exciting",2
"2485","Routine",5
"2486","Routine",6
"2487","Exciting",4
"2488","Don't know",3
"2489","Routine",4
"2490","Exciting",0
"2491","Routine",4
"2492","Dull",2
"2493","Routine",2
"2494","Exciting",2
"2495","Exciting",1
"2496","Routine",3
"2497","Routine",1
"2498","Exciting",1
"2499","Exciting",3
"2500","Routine",2
"2501","Dull",4
"2502","Routine",4
"2503","Exciting",1
"2504","Exciting",3
"2505","Dull",5
"2506","Routine",4
"2507","Exciting",4
"2508","Exciting",5
"2509","Routine",5
"2510","Exciting",2
"2511","Exciting",1
"2512","Routine",0
"2513","Routine",5
"2514","Exciting",3
"2515","Exciting",5
"2516","Routine",6
"2517","Dull",4
"2518","Exciting",3
"2519","Exciting",3
"2520","Exciting",3
"2521","Routine",0
"2522","Exciting",5
"2523","Routine",4
"2524","Exciting",2
"2525","Exciting",1
"2526","Exciting",2
"2527","Routine",5
"2528","Exciting",2
"2529","Exciting",2
"2530","Exciting",2
"2531","Routine",4
"2532","Routine",3
"2533","Routine",4
"2534","Routine",8
"2535","Exciting",1
"2536","Routine",2
"2537","Routine",4
"2538","Routine",1
"2539","Don't know",1
"2540","Routine",1
"2541","Dull",2
"2542","Exciting",6
"2543","Exciting",6
"2544","Exciting",1
"2545","Routine",2
"2546","Don't know",4
"2547","Exciting",2
"2548","Exciting",2
"2549","Routine",2
"2550","Exciting",2
"2551","Dull",7
"2552","Routine",1
"2553","Routine",1
"2554","Routine",4
"2555","Routine",3
"2556","Routine",6
"2557","Exciting",2
"2558","Routine",1
"2559","Routine",2
"2560","Exciting",1
"2561","Exciting",14
"2562","Routine",8
"2563","Routine",3
"2564","Routine",3
"2565","Dull",4
"2566","Exciting",1
"2567","Routine",2
"2568","Routine",2
"2569","Routine",3
"2570","Routine",2
"2571","Exciting",1
"2572","Exciting",1
"2573","Exciting",4
"2574","Exciting",2
"2575","Routine",2
"2576","Exciting",0
"2577","Routine",3
"2578","Exciting",2
"2579","Routine",1
"2580","Exciting",1
"2581","Routine",4
"2582","Routine",2
"2583","Routine",1
"2584","Routine",5
"2585","Exciting",1
"2586","Routine",4
"2587","Exciting",1
"2588","Routine",2
"2589","Routine",1
"2590","Exciting",1
"2591","Exciting",2
"2592","Routine",8
"2593","Routine",2
"2594","Routine",2
"2595","Exciting",1
"2596","Routine",1
"2597","Routine",5
"2598","Routine",2
"2599","Exciting",0
"2600","Exciting",1
"2601","Routine",4
"2602","Exciting",3
"2603","Exciting",6
"2604","Routine",5
"2605","Routine",3
"2606","Routine",1
"2607","Dull",13
"2608","Routine",5
"2609","Exciting",2
"2610","Routine",5
"2611","Routine",2
"2612","Exciting",3
"2613","Dull",6
"2614","Routine",16
"2615","Don't know",4
"2616","Routine",0
"2617","Routine",2
"2618","Routine",3
"2619","Routine",3
"2620","Exciting",1
"2621","Exciting",1
"2622","Exciting",8
"2623","Routine",3
"2624","Exciting",3
"2625","Exciting",1
"2626","Exciting",3
"2627","Exciting",3
"2628","Exciting",4
"2629","Dull",4
"2630","Exciting",1
"2631","Exciting",2
"2632","Exciting",5
"2633","Dull",6
"2634","Routine",3
"2635","Exciting",1
"2636","Routine",5
"2637","Routine",2
"2638","Exciting",1
"2639","Routine",2
"2640","Exciting",6
"2641","Exciting",2
"2642","Routine",1
"2643","Routine",0
"2644","Dull",1
"2645","Routine",0
"2646","Routine",4
"2647","Exciting",2
"2648","Routine",1
"2649","Exciting",3
"2650","Routine",0
"2651","Exciting",4
"2652","Exciting",2
"2653","Dull",4
"2654","Routine",1
"2655","Routine",1
"2656","Routine",3
"2657","Routine",1
"2658","Exciting",2
"2659","Routine",4
"2660","Exciting",2
"2661","Routine",6
"2662","Routine",3
"2663","Routine",4
"2664","Routine",3
"2665","Exciting",4
"2666","Routine",2
"2667","Exciting",1
"2668","Routine",4
"2669","Routine",3
"2670","Routine",1
"2671","Routine",5
"2672","Exciting",2
"2673","Routine",1
"2674","Routine",2
"2675","Exciting",5
"2676","Routine",2
"2677","Exciting",0
"2678","Routine",2
"2679","Routine",7
"2680","Routine",2
"2681","Routine",0
"2682","Exciting",1
"2683","Exciting",2
"2684","Routine",6
"2685","Routine",12
"2686","Routine",3
"2687","Routine",1
"2688","Routine",12
"2689","Routine",0
"2690","Exciting",2
"2691","Routine",4
"2692","Exciting",3
"2693","Dull",12
"2694","Exciting",3
"2695","Dull",3
"2696","Exciting",2
"2697","Routine",2
"2698","Routine",18
"2699","Exciting",1
"2700","Routine",3
"2701","Routine",3
"2702","Exciting",4
"2703","Exciting",2
"2704","Routine",0
"2705","Routine",2
"2706","Routine",4
"2707","Exciting",12
"2708","Exciting",0
"2709","Routine",5
"2710","Routine",3
"2711","Exciting",2
"2712","Exciting",4
"2713","Routine",1
"2714","Exciting",2
"2715","Routine",5
"2716","Routine",2
"2717","Exciting",3
"2718","Routine",3
"2719","Exciting",1
"2720","Dull",24
"2721","Routine",3
"2722","Dull",1
"2723","Routine",3
"2724","Exciting",3
"2725","Exciting",5
"2726","Dull",5
"2727","Exciting",6
"2728","Routine",3
"2729","Exciting",2
"2730","Dull",6
"2731","Routine",8
"2732","Don't know",5
"2733","Exciting",5
"2734","Routine",3
"2735","Exciting",2
"2736","Exciting",4
"2737","Dull",6
"2738","Routine",4
"2739","Exciting",2
"2740","Routine",8
"2741","Dull",4
"2742","Routine",5
"2743","Routine",8
"2744","Exciting",0
"2745","Exciting",3
"2746","Routine",4
"2747","Routine",5
"2748","Routine",2
"2749","Exciting",5
"2750","Exciting",0
"2751","Routine",2
"2752","Routine",3
"2753","Exciting",2
"2754","Routine",2
"2755","Routine",8
"2756","Exciting",2
"2757","Routine",2
"2758","Routine",2
"2759","Routine",2
"2760","Routine",1
"2761","Dull",1
"2762","Routine",2
"2763","Routine",3
"2764","Exciting",4
"2765","Exciting",1
"2766","Routine",1
"2767","Routine",1
"2768","Exciting",2
"2769","Exciting",6
"2770","Exciting",2
"2771","Exciting",2
"2772","Routine",4
"2773","Exciting",6
"2774","Exciting",1
"2775","Routine",1
"2776","Exciting",4
"2777","Exciting",0
"2778","Exciting",1
"2779","Exciting",1
"2780","Don't know",4
"2781","Routine",6
"2782","Exciting",2
"2783","Dull",5
"2784","Exciting",2
"2785","Exciting",8
"2786","Routine",2
"2787","Routine",5
"2788","Exciting",1
"2789","Exciting",1
"2790","Exciting",0
"2791","Routine",24
"2792","Routine",5
"2793","Routine",5
"2794","Routine",3
"2795","Routine",3
"2796","Routine",1
"2797","Routine",0
"2798","Exciting",2
"2799","Routine",4
"2800","Exciting",1
"2801","Routine",4
"2802","Routine",1
"2803","Exciting",2
"2804","Exciting",1
"2805","Routine",2
"2806","Exciting",4
"2807","Exciting",2
"2808","Exciting",2
"2809","Routine",2
"2810","Routine",4
"2811","Routine",3
"2812","Routine",3
"2813","Exciting",1
"2814","Routine",1
"2815","Exciting",3
"2816","Exciting",4
"2817","Exciting",3
"2818","Exciting",2
"2819","Exciting",2
"2820","Routine",3
"2821","Exciting",1
"2822","Exciting",3
"2823","Exciting",1
"2824","Exciting",3
"2825","Exciting",1
"2826","Exciting",2
"2827","Routine",4
"2828","Dull",3
"2829","Exciting",2
"2830","Exciting",1
"2831","Exciting",9
"2832","Exciting",1
"2833","Exciting",2
"2834","Routine",4
"2835","Routine",6
"2836","Routine",3
"2837","Exciting",3
"2838","Exciting",3
"2839","Exciting",2
"2840","Routine",3
"2841","Exciting",2
"2842","Exciting",0
"2843","Routine",2
"2844","Exciting",2
"2845","Exciting",0
"2846","Exciting",5
"2847","Dull",1
"2848","Routine",3
"2849","Exciting",3
"2850","Routine",5
"2851","Exciting",1
"2852","Exciting",1
"2853","Routine",4
"2854","Exciting",1
"2855","Exciting",4
"2856","Routine",1
"2857","Routine",2
"2858","Dull",2
"2859","Exciting",1
"2860","Routine",2
"2861","Exciting",3
"2862","Dull",0
"2863","Dull",20
"2864","Routine",0
"2865","Exciting",1
"2866","Exciting",4
"2867","Routine",2
"2868","Routine",1
"2869","Exciting",2
"2870","Exciting",0
"2871","Exciting",0
"2872","Exciting",0
"2873","Exciting",1
"2874","Routine",0
"2875","Dull",0
"2876","Exciting",2
"2877","Exciting",2
"2878","Routine",1
"2879","Exciting",0
"2880","Routine",4
"2881","Exciting",2
"2882","Routine",1
"2883","Exciting",1
"2884","Routine",3
"2885","Exciting",2
"2886","Exciting",4
"2887","Routine",3
"2888","Exciting",3
"2889","Routine",2
"2890","Exciting",3
"2891","Exciting",2
"2892","Routine",4
"2893","Routine",2
"2894","Dull",12
"2895","Exciting",0
"2896","Routine",4
"2897","Exciting",2
"2898","Routine",1
"2899","Exciting",1
"2900","Routine",4
"2901","Exciting",2
"2902","Exciting",2
"2903","Exciting",1
"2904","Routine",6
"2905","Routine",5
"2906","Exciting",1
"2907","Exciting",1
"2908","Routine",4
"2909","Exciting",4
"2910","Dull",8
"2911","Routine",3
"2912","Routine",4
"2913","Exciting",1
"2914","Exciting",2
"2915","Routine",6
"2916","Exciting",3
"2917","Exciting",2
"2918","Exciting",12
"2919","Routine",2
"2920","Exciting",3
"2921","Exciting",1
"2922","Routine",0
"2923","Exciting",2
"2924","Exciting",1
"2925","Routine",4
"2926","Routine",4
"2927","Exciting",4
"2928","Exciting",2
"2929","Exciting",4
"2930","Dull",8
"2931","Exciting",1
"2932","Exciting",0
"2933","Routine",1
"2934","Routine",1
"2935","Exciting",2
"2936","Exciting",1
"2937","Exciting",0
"2938","Exciting",3
"2939","Exciting",2
"2940","Exciting",2
"2941","Routine",6
"2942","Exciting",0
"2943","Exciting",3
"2944","Routine",3
"2945","Routine",4
"2946","Routine",0
"2947","Exciting",6
"2948","Exciting",0
"2949","Exciting",1
"2950","Exciting",4
"2951","Routine",6
"2952","Routine",2
"2953","Exciting",1
"2954","Routine",3
"2955","Exciting",2
"2956","Exciting",6
"2957","Routine",8
"2958","Routine",2
"2959","Routine",1
"2960","Routine",3
"2961","Exciting",1
"2962","Routine",4
"2963","Routine",1
"2964","Routine",3
"2965","Routine",5
"2966","Dull",0
"2967","Routine",1
"2968","Routine",3
"2969","Routine",2
"2970","Exciting",1
"2971","Routine",4
"2972","Exciting",0
"2973","Routine",5
"2974","Exciting",0
"2975","Exciting",5
"2976","Exciting",1
"2977","Routine",10
"2978","Exciting",1
"2979","Dull",4
"2980","Routine",3
"2981","Exciting",1
"2982","Routine",3
"2983","Exciting",2
"2984","Exciting",7
"2985","Exciting",7
"2986","Exciting",6
"2987","Exciting",1
"2988","Routine",2
"2989","Exciting",2
"2990","Exciting",1
"2991","Exciting",1
"2992","Exciting",6
"2993","Routine",6
"2994","Exciting",1
"2995","Exciting",3
"2996","Routine",2
"2997","Routine",7
"2998","Routine",0
"2999","Routine",5
"3000","Routine",8
"3001","Routine",8
"3002","Routine",3
"3003","Exciting",3
"3004","Routine",1
"3005","Routine",1
"3006","Exciting",3
"3007","Routine",1
"3008","Exciting",1
"3009","Exciting",1
"3010","Routine",1
"3011","Exciting",2
"3012","Routine",5
"3013","Exciting",0
"3014","Exciting",6
"3015","Routine",1
"3016","Routine",2
"3017","Routine",2
"3018","Exciting",0
"3019","Exciting",0
"3020","Exciting",1
"3021","Exciting",3
"3022","Exciting",4
"3023","Exciting",2
"3024","Routine",3
"3025","Exciting",6
"3026","Dull",6
"3027","Routine",3
"3028","Exciting",3
"3029","Routine",4
"3030","Exciting",0
"3031","Exciting",3
"3032","Routine",2
"3033","Routine",2
"3034","Exciting",2
"3035","Routine",2
"3036","Routine",1
"3037","Exciting",4
"3038","Exciting",3
"3039","Exciting",3
"3040","Dull",8
"3041","Routine",2
"3042","Exciting",4
"3043","Routine",2
"3044","Exciting",1
"3045","Dull",2
"3046","Routine",8
"3047","Exciting",4
"3048","Exciting",5
"3049","Routine",2
"3050","Routine",2
"3051","Routine",3
"3052","Exciting",1
"3053","Routine",4
"3054","Routine",2
"3055","Exciting",3
"3056","Exciting",2
"3057","Routine",1
"3058","Exciting",4
"3059","Routine",3
"3060","Exciting",8
"3061","Exciting",3
"3062","Routine",3
"3063","Dull",5
"3064","Routine",2
"3065","Dull",5
"3066","Routine",2
"3067","Exciting",2
"3068","Exciting",2
"3069","Exciting",2
"3070","Dull",4
"3071","Routine",2
"3072","Routine",2
"3073","Exciting",3
"3074","Exciting",4
"3075","Exciting",3
"3076","Exciting",3
"3077","Routine",1
"3078","Routine",4
"3079","Exciting",0
"3080","Exciting",1
"3081","Dull",2
"3082","Routine",1
"3083","Exciting",0
"3084","Exciting",1
"3085","Exciting",2
"3086","Routine",1
"3087","Exciting",3
"3088","Exciting",4
"3089","Exciting",1
"3090","Routine",5
"3091","Routine",1
"3092","Routine",2
"3093","Exciting",7
"3094","Exciting",3
"3095","Exciting",2
"3096","Routine",6
"3097","Routine",2
"3098","Exciting",2
"3099","Routine",1
"3100","Exciting",6
"3101","Exciting",4
"3102","Exciting",1
"3103","Routine",4
"3104","Exciting",0
"3105","Exciting",12
"3106","Routine",5
"3107","Routine",2
"3108","Exciting",2
"3109","Routine",1
"3110","Exciting",3
"3111","Don't know",0
"3112","Exciting",1
"3113","Exciting",2
"3114","Exciting",2
"3115","Exciting",1
"3116","Routine",3
"3117","Exciting",2
"3118","Exciting",2
"3119","Routine",5
"3120","Routine",2
"3121","Routine",5
"3122","Routine",3
"3123","Exciting",2
"3124","Routine",5
"3125","Routine",0
"3126","Routine",5
"3127","Routine",1
"3128","Exciting",3
"3129","Routine",10
"3130","Routine",8
"3131","Exciting",2
"3132","Exciting",1
"3133","Don't know",0
"3134","Routine",4
"3135","Exciting",1
"3136","Exciting",1
"3137","Exciting",2
"3138","Exciting",4
"3139","Exciting",3
"3140","Routine",2
"3141","Exciting",5
"3142","Routine",6
"3143","Exciting",4
"3144","Exciting",6
"3145","Routine",4
"3146","Routine",2
"3147","Exciting",1
"3148","Routine",4
"3149","Routine",6
"3150","Exciting",2
"3151","Routine",4
"3152","Exciting",3
"3153","Routine",2
"3154","Exciting",20
"3155","Routine",3
"3156","Routine",5
"3157","Exciting",3
"3158","Exciting",4
"3159","Exciting",2
"3160","Exciting",2
"3161","Dull",1
"3162","Exciting",2
"3163","Exciting",2
"3164","Dull",2
"3165","Exciting",4
"3166","Exciting",2
"3167","Routine",2
"3168","Exciting",5
"3169","Dull",8
"3170","Routine",3
"3171","Routine",3
"3172","Exciting",3
"3173","Exciting",1
"3174","Routine",3
"3175","Exciting",0
"3176","Routine",3
"3177","Exciting",1
"3178","Exciting",3
"3179","Exciting",5
"3180","Routine",1
"3181","Routine",2
"3182","Exciting",8
"3183","Routine",6
"3184","Routine",3
"3185","Exciting",4
"3186","Routine",5
"3187","Exciting",3
"3188","Exciting",2
"3189","Exciting",3
"3190","Routine",4
"3191","Exciting",3
"3192","Routine",4
"3193","Exciting",1
"3194","Routine",1
"3195","Routine",2
"3196","Exciting",0
"3197","Exciting",2
"3198","Routine",3
"3199","Exciting",10
"3200","Dull",3
"3201","Exciting",3
"3202","Routine",1
"3203","Exciting",3
"3204","Routine",3
"3205","Routine",4
"3206","Routine",2
"3207","Routine",2
"3208","Routine",1
"3209","Exciting",1
"3210","Routine",2
"3211","Routine",5
"3212","Exciting",1
"3213","Routine",3
"3214","Routine",4
"3215","Routine",3
"3216","Routine",5
"3217","Routine",5
"3218","Exciting",2
"3219","Routine",1
"3220","Exciting",2
"3221","Exciting",0
"3222","Exciting",0
"3223","Exciting",2
"3224","Routine",1
"3225","Exciting",1
"3226","Dull",0
"3227","Exciting",3
"3228","Exciting",1
"3229","Routine",4
"3230","Routine",3
"3231","Exciting",2
"3232","Routine",3
"3233","Exciting",1
"3234","Exciting",3
"3235","Routine",2
"3236","Exciting",3
"3237","Exciting",2
"3238","Exciting",1
"3239","Dull",13
"3240","Routine",5
"3241","Routine",1
"3242","Routine",2
"3243","Routine",2
"3244","Routine",4
"3245","Routine",5
"3246","Exciting",3
"3247","Exciting",2
"3248","Routine",3
"3249","Routine",3
"3250","Routine",1
"3251","Dull",4
"3252","Exciting",1
"3253","Exciting",1
"3254","Exciting",2
"3255","Exciting",3
"3256","Routine",4
"3257","Exciting",0
"3258","Routine",3
"3259","Routine",5
"3260","Exciting",0
"3261","Routine",0
"3262","Exciting",1
"3263","Exciting",2
"3264","Dull",12
"3265","Routine",3
"3266","Exciting",1
"3267","Routine",4
"3268","Exciting",3
"3269","Routine",3
"3270","Exciting",0
"3271","Exciting",0
"3272","Exciting",2
"3273","Exciting",1
"3274","Exciting",2
"3275","Routine",2
"3276","Exciting",1
"3277","Routine",4
"3278","Exciting",1
"3279","Exciting",2
"3280","Routine",2
"3281","Exciting",2
"3282","Exciting",1
"3283","Routine",3
"3284","Exciting",4
"3285","Exciting",2
"3286","Routine",10
"3287","Exciting",3
"3288","Routine",4
"3289","Routine",3
"3290","Exciting",2
"3291","Routine",2
"3292","Exciting",1
"3293","Dull",6
"3294","Routine",1
"3295","Exciting",2
"3296","Routine",4
"3297","Routine",3
"3298","Exciting",6
"3299","Routine",3
"3300","Routine",3
"3301","Exciting",3
"3302","Exciting",2
"3303","Exciting",1
"3304","Routine",2
"3305","Routine",15
"3306","Routine",1
"3307","Exciting",0
"3308","Routine",8
"3309","Exciting",2
"3310","Exciting",4
"3311","Exciting",0
"3312","Exciting",3
"3313","Exciting",2
"3314","Exciting",10
"3315","Dull",1
"3316","Routine",2
"3317","Exciting",1
"3318","Exciting",3
"3319","Exciting",2
"3320","Don't know",1
"3321","Routine",4
"3322","Routine",2
"3323","Routine",4
"3324","Routine",6
"3325","Routine",2
"3326","Routine",3
"3327","Routine",8
"3328","Routine",6
"3329","Exciting",4
"3330","Exciting",1
"3331","Exciting",1
"3332","Routine",3
"3333","Exciting",2
"3334","Exciting",1
"3335","Exciting",3
"3336","Routine",2
"3337","Exciting",3
"3338","Routine",3
"3339","Routine",2
"3340","Dull",8
"3341","Dull",4
"3342","Exciting",1
"3343","Exciting",24
"3344","Routine",8
"3345","Routine",4
"3346","Routine",4
"3347","Exciting",3
"3348","Dull",10
"3349","Exciting",4
"3350","Exciting",4
"3351","Exciting",1
"3352","Exciting",1
"3353","Dull",6
"3354","Dull",24
"3355","Routine",6
"3356","Exciting",3
"3357","Exciting",0
"3358","Routine",3
"3359","Routine",6
"3360","Exciting",4
"3361","Routine",2
"3362","Exciting",2
"3363","Exciting",0
"3364","Exciting",5
"3365","Exciting",1
"3366","Exciting",4
"3367","Exciting",4
"3368","Exciting",1
"3369","Exciting",3
"3370","Exciting",3
"3371","Exciting",1
"3372","Exciting",2
"3373","Exciting",3
"3374","Routine",4
"3375","Exciting",0
"3376","Exciting",1
"3377","Routine",6
"3378","Routine",10
"3379","Exciting",5
"3380","Routine",3
"3381","Exciting",2
"3382","Routine",3
"3383","Exciting",2
"3384","Routine",24
"3385","Routine",4
"3386","Exciting",5
"3387","Routine",2
"3388","Routine",4
"3389","Routine",3
"3390","Routine",10
"3391","Exciting",4
"3392","Exciting",3
"3393","Exciting",2
"3394","Dull",1
"3395","Exciting",4
"3396","Exciting",3
"3397","Exciting",7
"3398","Exciting",3
"3399","Exciting",3
"3400","Exciting",4
"3401","Routine",2
"3402","Routine",4
"3403","Exciting",2
"3404","Routine",4
"3405","Routine",2
"3406","Routine",0
"3407","Exciting",0
"3408","Routine",2
"3409","Exciting",2
"3410","Exciting",0
"3411","Routine",10
"3412","Exciting",4
"3413","Dull",4
"3414","Exciting",1
"3415","Dull",10
"3416","Routine",4
"3417","Routine",2
"3418","Exciting",1
"3419","Exciting",2
"3420","Dull",3
"3421","Exciting",3
"3422","Routine",2
"3423","Exciting",4
"3424","Exciting",2
"3425","Routine",2
"3426","Routine",3
"3427","Routine",3
"3428","Routine",1
"3429","Routine",2
"3430","Routine",4
"3431","Routine",1
"3432","Exciting",1
"3433","Routine",0
"3434","Routine",4
"3435","Routine",6
"3436","Exciting",6
"3437","Routine",2
"3438","Routine",2
"3439","Dull",4
"3440","Routine",2
"3441","Exciting",2
"3442","Routine",0
"3443","Exciting",2
"3444","Exciting",3
"3445","Exciting",1
"3446","Exciting",4
"3447","Routine",0
"3448","Exciting",2
"3449","Exciting",2
"3450","Routine",3
"3451","Routine",1
"3452","Exciting",3
"3453","Exciting",2
"3454","Don't know",2
"3455","Exciting",3
"3456","Routine",2
"3457","Exciting",1
"3458","Exciting",2
"3459","Routine",1
"3460","Routine",10
"3461","Routine",3
"3462","Routine",2
"3463","Exciting",2
"3464","Routine",7
"3465","Routine",4
"3466","Exciting",4
"3467","Routine",6
"3468","Exciting",1
"3469","Routine",2
"3470","Routine",3
"3471","Routine",2
"3472","Exciting",1
"3473","Routine",2
"3474","Exciting",1
"3475","Exciting",2
"3476","Routine",1
"3477","Exciting",3
"3478","Routine",2
"3479","Exciting",5
"3480","Exciting",3
"3481","Routine",1
"3482","Exciting",2
"3483","Exciting",3
"3484","Exciting",2
"3485","Routine",2
"3486","Routine",2
"3487","Routine",10
"3488","Routine",5
"3489","Exciting",3
"3490","Routine",3
"3491","Routine",3
"3492","Exciting",1
"3493","Exciting",4
"3494","Routine",1
"3495","Exciting",3
"3496","Dull",0
"3497","Routine",4
"3498","Routine",1
"3499","Routine",4
"3500","Dull",5
"3501","Exciting",1
"3502","Exciting",2
"3503","Dull",4
"3504","Exciting",1
"3505","Exciting",0
"3506","Routine",12
"3507","Routine",2
"3508","Exciting",5
"3509","Exciting",0
"3510","Exciting",12
"3511","Routine",3
"3512","Exciting",2
"3513","Routine",2
"3514","Exciting",2
"3515","Routine",1
"3516","Routine",3
"3517","Exciting",6
"3518","Exciting",0
"3519","Exciting",1
"3520","Exciting",1
"3521","Exciting",0
"3522","Exciting",1
"3523","Exciting",1
"3524","Exciting",1
"3525","Dull",2
"3526","Routine",1
"3527","Routine",2
"3528","Exciting",20
"3529","Routine",1
"3530","Exciting",3
"3531","Routine",1
"3532","Exciting",5
"3533","Routine",3
"3534","Exciting",2
"3535","Exciting",3
"3536","Exciting",2
"3537","Don't know",2
"3538","Exciting",2
"3539","Exciting",4
"3540","Routine",1
"3541","Exciting",2
"3542","Exciting",0
"3543","Exciting",1
"3544","Exciting",0
"3545","Exciting",1
"3546","Exciting",1
"3547","Routine",1
"3548","Routine",3
"3549","Exciting",2
"3550","Exciting",1
"3551","Routine",2
"3552","Exciting",2
"3553","Exciting",3
"3554","Routine",3
"3555","Exciting",4
"3556","Dull",4
"3557","Routine",2
"3558","Routine",5
"3559","Routine",2
"3560","Routine",5
"3561","Routine",2
"3562","Routine",3
"3563","Routine",3
"3564","Exciting",0
"3565","Exciting",0
"3566","Exciting",1
"3567","Exciting",3
"3568","Exciting",12
"3569","Routine",2
"3570","Routine",1
"3571","Routine",3
"3572","Exciting",5
"3573","Routine",5
"3574","Routine",1
"3575","Exciting",2
"3576","Exciting",1
"3577","Exciting",3
"3578","Exciting",1
"3579","Routine",2
"3580","Exciting",3
"3581","Exciting",2
"3582","Exciting",3
"3583","Exciting",1
"3584","Exciting",6
"3585","Routine",7
"3586","Exciting",4
"3587","Routine",5
"3588","Exciting",6
"3589","Exciting",2
"3590","Exciting",1
"3591","Exciting",2
"3592","Exciting",5
"3593","Routine",3
"3594","Exciting",3
"3595","Dull",1
"3596","Routine",2
"3597","Exciting",6
"3598","Routine",2
"3599","Routine",1
"3600","Exciting",5
"3601","Exciting",1
"3602","Exciting",3
"3603","Routine",2
"3604","Exciting",6
"3605","Exciting",4
"3606","Dull",12
"3607","Routine",3
"3608","Dull",4
"3609","Exciting",3
"3610","Routine",3
"3611","Exciting",5
"3612","Exciting",2
"3613","Routine",0
"3614","Exciting",3
"3615","Routine",2
"3616","Routine",3
"3617","Routine",2
"3618","Exciting",2
"3619","Exciting",2
"3620","Exciting",5
"3621","Exciting",4
"3622","Exciting",1
"3623","Exciting",2
"3624","Routine",3
"3625","Routine",2
"3626","Exciting",3
"3627","Routine",3
"3628","Exciting",24
"3629","Routine",3
"3630","Exciting",2
"3631","Exciting",1
"3632","Routine",2
"3633","Routine",3
"3634","Exciting",1
"3635","Routine",3
"3636","Dull",8
"3637","Exciting",2
"3638","Exciting",3
"3639","Exciting",1
"3640","Routine",8
"3641","Exciting",4
"3642","Routine",5
"3643","Routine",2
"3644","Exciting",2
"3645","Exciting",4
"3646","Routine",5
"3647","Exciting",1
"3648","Exciting",3
"3649","Routine",3
"3650","Exciting",0
"3651","Exciting",3
"3652","Routine",5
"3653","Exciting",3
"3654","Exciting",3
"3655","Exciting",6
"3656","Exciting",1
"3657","Exciting",1
"3658","Exciting",2
"3659","Exciting",1
"3660","Routine",4
"3661","Routine",4
"3662","Routine",0
"3663","Routine",4
"3664","Routine",1
"3665","Routine",3
"3666","Exciting",4
"3667","Routine",2
"3668","Exciting",2
"3669","Exciting",5
"3670","Exciting",2
"3671","Routine",2
"3672","Routine",0
"3673","Routine",4
"3674","Routine",1
"3675","Exciting",4
"3676","Exciting",2
"3677","Routine",4
"3678","Routine",4
"3679","Routine",1
"3680","Exciting",0
"3681","Routine",2
"3682","Dull",4
"3683","Exciting",0
"3684","Exciting",1
"3685","Exciting",1
"3686","Routine",2
"3687","Exciting",4
"3688","Routine",0
"3689","Routine",16
"3690","Exciting",0
"3691","Routine",6
"3692","Exciting",3
"3693","Routine",3
"3694","Exciting",2
"3695","Routine",6
"3696","Exciting",2
"3697","Dull",5
"3698","Routine",0
"3699","Exciting",1
"3700","Exciting",2
"3701","Routine",3
"3702","Exciting",4
"3703","Exciting",2
"3704","Exciting",2
"3705","Exciting",1
"3706","Exciting",1
"3707","Routine",0
"3708","Exciting",1
"3709","Exciting",0
"3710","Exciting",3
"3711","Exciting",4
"3712","Exciting",4
"3713","Exciting",8
"3714","Routine",0
"3715","Exciting",5
"3716","Routine",1
"3717","Exciting",5
"3718","Routine",3
"3719","Exciting",4
"3720","Exciting",6
"3721","Exciting",2
"3722","Routine",3
"3723","Exciting",6
"3724","Routine",2
"3725","Routine",3
"3726","Exciting",0
"3727","Exciting",4
"3728","Dull",12
"3729","Routine",3
"3730","Exciting",3
"3731","Exciting",3
"3732","Routine",2
"3733","Routine",4
"3734","Routine",3
"3735","Exciting",5
"3736","Routine",2
"3737","Exciting",2
"3738","Exciting",3
"3739","Exciting",6
"3740","Exciting",10
"3741","Exciting",12
"3742","Exciting",1
"3743","Routine",3
"3744","Exciting",2
"3745","Routine",2
"3746","Exciting",2
"3747","Exciting",6
"3748","Exciting",1
"3749","Exciting",5
"3750","Exciting",2
"3751","Exciting",2
"3752","Exciting",2
"3753","Routine",2
"3754","Routine",2
"3755","Routine",3
"3756","Dull",8
"3757","Exciting",2
"3758","Exciting",0
"3759","Routine",20
"3760","Exciting",4
"3761","Routine",1
"3762","Exciting",4
"3763","Exciting",6
"3764","Dull",6
"3765","Exciting",3
"3766","Routine",1
"3767","Exciting",3
"3768","Routine",1
"3769","Exciting",3
"3770","Routine",1
"3771","Routine",4
"3772","Exciting",6
"3773","Routine",12
"3774","Routine",6
"3775","Routine",1
"3776","Dull",6
"3777","Routine",5
"3778","Exciting",2
"3779","Routine",3
"3780","Exciting",2
"3781","Routine",12
"3782","Exciting",2
"3783","Exciting",3
"3784","Exciting",2
"3785","Exciting",0
"3786","Exciting",4
"3787","Routine",2
"3788","Routine",2
"3789","Exciting",2
"3790","Don't know",6
"3791","Routine",1
"3792","Exciting",1
"3793","Exciting",2
"3794","Routine",2
"3795","Exciting",0
"3796","Routine",2
"3797","Routine",3
"3798","Exciting",1
"3799","Exciting",4
"3800","Routine",2
"3801","Routine",4
"3802","Exciting",4
"3803","Routine",3
"3804","Routine",8
"3805","Routine",2
"3806","Exciting",1
"3807","Dull",8
"3808","Exciting",2
"3809","Routine",4
"3810","Routine",3
"3811","Exciting",3
"3812","Exciting",2
"3813","Routine",2
"3814","Exciting",1
"3815","Routine",1
"3816","Exciting",3
"3817","Exciting",1
"3818","Exciting",3
"3819","Routine",5
"3820","Exciting",0
"3821","Routine",2
"3822","Routine",3
"3823","Exciting",2
"3824","Exciting",1
"3825","Routine",5
"3826","Exciting",1
"3827","Exciting",1
"3828","Routine",2
"3829","Exciting",0
"3830","Routine",6
"3831","Exciting",1
"3832","Exciting",1
"3833","Routine",1
"3834","Exciting",3
"3835","Exciting",4
"3836","Routine",4
"3837","Exciting",2
"3838","Routine",4
"3839","Exciting",2
"3840","Exciting",1
"3841","Exciting",0
"3842","Routine",10
"3843","Routine",1
"3844","Routine",2
"3845","Routine",2
"3846","Routine",1
"3847","Routine",2
"3848","Routine",3
"3849","Routine",2
"3850","Exciting",1
"3851","Exciting",2
"3852","Routine",4
"3853","Exciting",1
"3854","Exciting",1
"3855","Exciting",5
"3856","Exciting",5
"3857","Exciting",1
"3858","Routine",6
"3859","Dull",8
"3860","Routine",2
"3861","Routine",6
"3862","Exciting",2
"3863","Routine",2
"3864","Exciting",1
"3865","Routine",2
"3866","Routine",1
"3867","Exciting",1
"3868","Routine",3
"3869","Exciting",4
"3870","Dull",0
"3871","Routine",4
"3872","Routine",5
"3873","Routine",8
"3874","Routine",2
"3875","Routine",8
"3876","Routine",2
"3877","Exciting",0
"3878","Routine",2
"3879","Routine",2
"3880","Exciting",0
"3881","Routine",2
"3882","Exciting",2
"3883","Exciting",2
"3884","Exciting",1
"3885","Dull",4
"3886","Routine",2
"3887","Routine",2
"3888","Routine",3
"3889","Routine",4
"3890","Routine",3
"3891","Dull",8
"3892","Routine",2
"3893","Routine",2
"3894","Exciting",2
"3895","Routine",5
"3896","Routine",1
"3897","Routine",3
"3898","Routine",5
"3899","Routine",4
"3900","Routine",4
"3901","Exciting",2
"3902","Exciting",4
"3903","Exciting",5
"3904","Routine",3
"3905","Exciting",2
"3906","Exciting",1
"3907","Exciting",2
"3908","Routine",6
"3909","Routine",5
"3910","Exciting",3
"3911","Exciting",2
"3912","Exciting",5
"3913","Exciting",4
"3914","Routine",10
"3915","Routine",3
"3916","Exciting",4
"3917","Exciting",5
"3918","Routine",5
"3919","Routine",4
"3920","Routine",1
"3921","Exciting",1
"3922","Exciting",5
"3923","Routine",4
"3924","Routine",2
"3925","Routine",0
"3926","Exciting",2
"3927","Exciting",2
"3928","Exciting",1
"3929","Routine",2
"3930","Exciting",2
"3931","Exciting",2
"3932","Routine",1
"3933","Exciting",1
"3934","Routine",4
"3935","Routine",2
"3936","Routine",6
"3937","Routine",4
"3938","Exciting",3
"3939","Routine",2
"3940","Routine",3
"3941","Exciting",12
"3942","Routine",3
"3943","Exciting",2
"3944","Exciting",2
"3945","Exciting",2
"3946","Exciting",1
"3947","Routine",4
"3948","Exciting",6
"3949","Exciting",4
"3950","Routine",4
"3951","Routine",12
"3952","Exciting",2
"3953","Routine",4
"3954","Exciting",0
"3955","Routine",6
"3956","Routine",1
"3957","Exciting",1
"3958","Routine",4
"3959","Routine",2
"3960","Exciting",1
"3961","Exciting",1
"3962","Exciting",4
"3963","Exciting",3
"3964","Exciting",1
"3965","Exciting",3
"3966","Exciting",3
"3967","Routine",4
"3968","Exciting",2
"3969","Routine",2
"3970","Routine",3
"3971","Routine",2
"3972","Routine",2
"3973","Routine",1
"3974","Routine",3
"3975","Exciting",3
"3976","Exciting",2
"3977","Exciting",3
"3978","Routine",4
"3979","Routine",1
"3980","Exciting",2
"3981","Routine",6
"3982","Routine",2
"3983","Exciting",2
"3984","Routine",3
"3985","Routine",3
"3986","Routine",4
"3987","Routine",2
"3988","Exciting",8
"3989","Exciting",2
"3990","Routine",2
"3991","Don't know",2
"3992","Routine",2
"3993","Routine",3
"3994","Exciting",1
"3995","Exciting",1
"3996","Exciting",2
"3997","Exciting",1
"3998","Routine",2
"3999","Exciting",4
"4000","Exciting",2
"4001","Routine",3
"4002","Exciting",4
"4003","Exciting",4
"4004","Routine",4
"4005","Exciting",2
"4006","Routine",4
"4007","Exciting",0
"4008","Routine",3
"4009","Routine",4
"4010","Exciting",3
"4011","Exciting",24
"4012","Routine",3
"4013","Dull",6
"4014","Routine",1
"4015","Dull",4
"4016","Routine",4
"4017","Routine",4
"4018","Routine",0
"4019","Routine",5
"4020","Exciting",4
"4021","Routine",1
"4022","Exciting",2
"4023","Exciting",2
"4024","Routine",1
"4025","Exciting",1
"4026","Routine",1
"4027","Routine",3
"4028","Exciting",1
"4029","Routine",2
"4030","Exciting",2
"4031","Routine",6
"4032","Exciting",1
"4033","Exciting",4
"4034","Routine",3
"4035","Exciting",2
"4036","Routine",4
"4037","Don't know",2
"4038","Routine",4
"4039","Exciting",0
"4040","Routine",4
"4041","Routine",2
"4042","Exciting",2
"4043","Routine",17
"4044","Routine",4
"4045","Routine",2
"4046","Routine",3
"4047","Exciting",0
"4048","Exciting",10
"4049","Routine",2
"4050","Exciting",0
"4051","Routine",2
"4052","Routine",6
"4053","Exciting",2
"4054","Routine",3
"4055","Routine",4
"4056","Routine",3
"4057","Routine",2
"4058","Exciting",8
"4059","Routine",2
"4060","Routine",3
"4061","Exciting",2
"4062","Routine",1
"4063","Routine",3
"4064","Routine",5
"4065","Exciting",2
"4066","Exciting",2
"4067","Exciting",3
"4068","Routine",2
"4069","Exciting",0
"4070","Routine",1
"4071","Routine",1
"4072","Exciting",3
"4073","Routine",0
"4074","Routine",3
"4075","Exciting",1
"4076","Exciting",3
"4077","Exciting",3
"4078","Exciting",5
"4079","Exciting",3
"4080","Routine",1
"4081","Routine",2
"4082","Dull",10
"4083","Routine",4
"4084","Routine",2
"4085","Routine",3
"4086","Exciting",3
"4087","Routine",4
"4088","Exciting",3
"4089","Exciting",4
"4090","Exciting",1
"4091","Exciting",1
"4092","Exciting",1
"4093","Routine",4
"4094","Exciting",5
"4095","Routine",3
"4096","Routine",3
"4097","Routine",4
"4098","Exciting",4
"4099","Exciting",5
"4100","Routine",3
"4101","Dull",5
"4102","Exciting",2
"4103","Exciting",1
"4104","Exciting",1
"4105","Exciting",1
"4106","Exciting",4
"4107","Exciting",24
"4108","Routine",4
"4109","Dull",18
"4110","Routine",3
"4111","Exciting",1
"4112","Routine",4
"4113","Exciting",1
"4114","Routine",3
"4115","Exciting",3
"4116","Exciting",4
"4117","Exciting",1
"4118","Exciting",3
"4119","Routine",0
"4120","Exciting",2
"4121","Exciting",1
"4122","Routine",1
"4123","Exciting",3
"4124","Exciting",3
"4125","Routine",2
"4126","Exciting",1
"4127","Routine",2
"4128","Exciting",1
"4129","Exciting",2
"4130","Exciting",2
"4131","Exciting",3
"4132","Routine",1
"4133","Exciting",1
"4134","Exciting",2
"4135","Routine",1
"4136","Exciting",0
"4137","Exciting",1
"4138","Exciting",2
"4139","Exciting",3
"4140","Routine",5
"4141","Exciting",0
"4142","Exciting",3
"4143","Exciting",2
"4144","Routine",6
"4145","Dull",8
"4146","Routine",3
"4147","Exciting",6
"4148","Exciting",0
"4149","Routine",2
"4150","Exciting",2
"4151","Exciting",6
"4152","Routine",2
"4153","Routine",1
"4154","Routine",4
"4155","Don't know",5
"4156","Don't know",3
"4157","Exciting",1
"4158","Dull",4
"4159","Exciting",1
"4160","Exciting",2
"4161","Routine",4
"4162","Exciting",3
"4163","Routine",2
"4164","Routine",6
"4165","Routine",3
"4166","Exciting",2
"4167","Routine",10
"4168","Exciting",1
"4169","Exciting",3
"4170","Exciting",3
"4171","Exciting",4
"4172","Exciting",4
"4173","Dull",4
"4174","Exciting",0
"4175","Exciting",2
"4176","Dull",0
"4177","Routine",0
"4178","Exciting",2
"4179","Routine",0
"4180","Exciting",3
"4181","Routine",6
"4182","Routine",1
"4183","Routine",4
"4184","Routine",4
"4185","Routine",2
"4186","Exciting",4
"4187","Routine",3
"4188","Exciting",6
"4189","Exciting",1
"4190","Exciting",1
"4191","Routine",0
"4192","Exciting",1
"4193","Dull",2
"4194","Exciting",4
"4195","Exciting",3
"4196","Exciting",3
"4197","Routine",0
"4198","Exciting",1
"4199","Exciting",1
"4200","Routine",1
"4201","Exciting",3
"4202","Routine",0
"4203","Exciting",1
"4204","Routine",3
"4205","Routine",7
"4206","Routine",6
"4207","Routine",2
"4208","Exciting",1
"4209","Routine",6
"4210","Exciting",6
"4211","Routine",3
"4212","Exciting",1
"4213","Routine",5
"4214","Exciting",2
"4215","Don't know",6
"4216","Exciting",3
"4217","Routine",0
"4218","Exciting",1
"4219","Routine",1
"4220","Exciting",4
"4221","Routine",2
"4222","Routine",5
"4223","Routine",2
"4224","Dull",10
"4225","Don't know",1
"4226","Routine",3
"4227","Routine",8
"4228","Routine",12
"4229","Routine",5
"4230","Don't know",4
"4231","Exciting",2
"4232","Routine",0
"4233","Routine",5
"4234","Routine",2
"4235","Routine",2
"4236","Exciting",5
"4237","Exciting",4
"4238","Routine",2
"4239","Routine",7
"4240","Routine",4
"4241","Exciting",1
"4242","Exciting",3
"4243","Routine",3
"4244","Dull",2
"4245","Routine",4
"4246","Routine",2
"4247","Exciting",1
"4248","Routine",0
"4249","Routine",2
"4250","Routine",0
"4251","Exciting",2
"4252","Exciting",0
"4253","Exciting",2
"4254","Exciting",3
"4255","Routine",4
"4256","Routine",3
"4257","Exciting",4
"4258","Exciting",4
"4259","Routine",2
